week_start,sku,category,warehouse_name,region,abc_class,lane,on_hand_units,on_order_units,position_units,reorder_point,safety_stock_target,lead_days,cover_days,covers_lead_time,gap_units,gap_value,excess_units,excess_value,on_hand_value
2026-06-30,SKU-1001,Fresh & Produce,BC Lower Mainland Cross-Dock 1,BC Lower Mainland,C,Nearshore,369,69,438,363,285,12,56.8,1,0,0.0,0.0,0.0,959.4
2026-06-30,SKU-1001,Fresh & Produce,BC Lower Mainland Cold Chain DC 3,BC Lower Mainland,C,Nearshore,376,75,451,460,389,12,63.5,1,9,23.4,0.0,0.0,977.6
2026-06-30,SKU-1001,Fresh & Produce,BC Interior Cross-Dock 4,BC Interior,C,Nearshore,391,285,676,530,364,12,28.3,1,0,0.0,0.0,0.0,1016.6
2026-06-30,SKU-1001,Fresh & Produce,Alberta Cross-Dock 5,Alberta,C,Nearshore,284,230,514,479,382,12,35.3,1,0,0.0,0.0,0.0,738.4
2026-06-30,SKU-1001,Fresh & Produce,Ontario Cross-Dock 7,Ontario,C,Nearshore,155,61,216,402,309,12,20.1,1,186,483.6,0.0,0.0,403.0
2026-06-30,SKU-1001,Fresh & Produce,Ontario Cold Chain DC 9,Ontario,C,Nearshore,566,172,738,416,331,12,80.1,1,0,0.0,114.0,296.4,1471.6
2026-06-30,SKU-1001,Fresh & Produce,Quebec Cross-Dock 10,Quebec,C,Nearshore,375,268,643,375,262,12,39.9,1,0,0.0,80.5,209.3,975.0
2026-06-30,SKU-1002,Health & Wellness,BC Lower Mainland Cross-Dock 1,BC Lower Mainland,C,Offshore,209,81,290,379,293,39,94.9,1,89,373.8,0.0,0.0,877.8
2026-06-30,SKU-1002,Health & Wellness,BC Interior Cross-Dock 4,BC Interior,C,Offshore,81,55,136,204,198,39,532.9,1,68,285.6,0.0,0.0,340.2
2026-06-30,SKU-1003,Household Essentials,BC Lower Mainland Cross-Dock 1,BC Lower Mainland,C,Nearshore,403,76,479,494,479,10,273.2,1,15,69.75,0.0,0.0,1873.95
2026-06-30,SKU-1003,Household Essentials,Alberta Cross-Dock 5,Alberta,C,Nearshore,299,86,385,307,259,10,61.6,1,0,0.0,0.0,0.0,1390.35
2026-06-30,SKU-1003,Household Essentials,Ontario Ambient DC 8,Ontario,C,Nearshore,288,121,409,419,404,10,196.1,1,10,46.5,0.0,0.0,1339.2
2026-06-30,SKU-1004,Home & Kitchen,BC Lower Mainland Ambient DC 2,BC Lower Mainland,B,Nearshore,454,172,626,544,490,16,133.7,1,0,0.0,0.0,0.0,6251.58
2026-06-30,SKU-1004,Home & Kitchen,Alberta Cross-Dock 5,Alberta,B,Nearshore,545,263,808,667,395,16,32.0,1,0,0.0,0.0,0.0,7504.65
2026-06-30,SKU-1004,Home & Kitchen,Ontario Ambient DC 8,Ontario,B,Nearshore,485,190,675,473,377,16,80.7,1,0,0.0,0.0,0.0,6678.45
2026-06-30,SKU-1005,Electronics,BC Lower Mainland Ambient DC 2,BC Lower Mainland,A,Offshore,1508,1135,2643,1977,848,41,54.8,1,0,0.0,0.0,0.0,294557.64
2026-06-30,SKU-1005,Electronics,BC Interior Cross-Dock 4,BC Interior,A,Offshore,567,279,846,954,764,41,122.3,1,108,21095.64,0.0,0.0,110752.11
2026-06-30,SKU-1005,Electronics,Alberta Ambient DC 6,Alberta,A,Offshore,435,292,727,583,457,41,141.7,1,0,0.0,0.0,0.0,84968.55
2026-06-30,SKU-1006,Health & Wellness,BC Lower Mainland Cross-Dock 1,BC Lower Mainland,A,Offshore,1328,260,1588,887,629,44,226.0,1,0,0.0,257.5,5389.48,27795.04
2026-06-30,SKU-1006,Health & Wellness,Alberta Ambient DC 6,Alberta,A,Offshore,2171,794,2965,1802,784,44,93.8,1,0,0.0,262.0,5483.66,45439.03
2026-06-30,SKU-1006,Health & Wellness,Quebec Cross-Dock 10,Quebec,A,Offshore,288,140,428,453,364,44,142.5,1,25,523.25,0.0,0.0,6027.84
2026-06-30,SKU-1007,Grocery,BC Interior Cross-Dock 4,BC Interior,B,Offshore,962,175,1137,1600,731,45,49.8,1,463,4430.91,0.0,0.0,9206.34
2026-06-30,SKU-1007,Grocery,Alberta Ambient DC 6,Alberta,B,Offshore,150,33,183,446,317,45,52.4,1,263,2516.91,0.0,0.0,1435.5
2026-06-30,SKU-1007,Grocery,Ontario Ambient DC 8,Ontario,B,Offshore,903,292,1195,1418,757,45,61.5,1,223,2134.11,0.0,0.0,8641.71
2026-06-30,SKU-1008,Household Essentials,BC Interior Cross-Dock 4,BC Interior,C,Offshore,307,244,551,643,402,33,41.9,1,92,1172.08,0.0,0.0,3911.18
2026-06-30,SKU-1008,Household Essentials,Ontario Cross-Dock 7,Ontario,C,Offshore,220,110,330,379,304,33,96.9,1,49,624.26,0.0,0.0,2802.8
2026-06-30,SKU-1008,Household Essentials,Quebec Cross-Dock 10,Quebec,C,Offshore,390,75,465,378,352,33,491.2,1,0,0.0,0.0,0.0,4968.6
2026-06-30,SKU-1009,Home & Kitchen,BC Lower Mainland Ambient DC 2,BC Lower Mainland,A,Nearshore,460,206,666,717,506,16,35.0,1,51,3282.36,0.0,0.0,29605.6
2026-06-30,SKU-1009,Home & Kitchen,Ontario Ambient DC 8,Ontario,A,Nearshore,1492,501,1993,1155,519,16,37.5,1,0,0.0,260.5,16765.78,96025.12
2026-06-30,SKU-1009,Home & Kitchen,Quebec Cross-Dock 10,Quebec,A,Nearshore,262,144,406,519,444,16,55.9,1,113,7272.68,0.0,0.0,16862.32
2026-06-30,SKU-1010,Electronics,BC Interior Cross-Dock 4,BC Interior,A,Offshore,560,384,944,881,592,38,73.6,1,0,0.0,0.0,0.0,184564.8
2026-06-30,SKU-1010,Electronics,Alberta Ambient DC 6,Alberta,A,Offshore,266,84,350,428,407,38,494.4,1,78,25707.24,0.0,0.0,87668.28
2026-06-30,SKU-1010,Electronics,Quebec Cross-Dock 10,Quebec,A,Offshore,308,175,483,471,436,38,328.7,1,0,0.0,0.0,0.0,101510.64
2026-06-30,SKU-1011,Household Essentials,BC Lower Mainland Cross-Dock 1,BC Lower Mainland,B,Nearshore,1534,468,2002,1879,672,9,11.4,1,0,0.0,0.0,0.0,6182.02
2026-06-30,SKU-1011,Household Essentials,Quebec Cross-Dock 10,Quebec,B,Nearshore,258,105,363,324,317,9,378.3,1,0,0.0,0.0,0.0,1039.74
2026-06-30,SKU-1012,Grocery,BC Lower Mainland Ambient DC 2,BC Lower Mainland,C,Offshore,1011,260,1271,1014,563,42,94.1,1,0,0.0,0.0,0.0,2426.4
2026-06-30,SKU-1012,Grocery,Ontario Cross-Dock 7,Ontario,C,Offshore,1353,389,1742,2469,918,42,36.6,0,727,1744.8,0.0,0.0,3247.2
2026-06-30,SKU-1013,Dairy & Frozen,BC Lower Mainland Cross-Dock 1,BC Lower Mainland,C,Nearshore,339,112,451,327,253,10,45.5,1,0,0.0,0.0,0.0,501.72
2026-06-30,SKU-1013,Dairy & Frozen,BC Lower Mainland Cold Chain DC 3,BC Lower Mainland,C,Nearshore,360,253,613,393,337,10,65.1,1,0,0.0,23.5,34.78,532.8
2026-06-30,SKU-1013,Dairy & Frozen,BC Interior Cross-Dock 4,BC Interior,C,Nearshore,216,105,321,338,255,10,26.0,1,17,25.16,0.0,0.0,319.68
2026-06-30,SKU-1013,Dairy & Frozen,Alberta Cross-Dock 5,Alberta,C,Nearshore,271,102,373,436,361,10,36.2,1,63,93.24,0.0,0.0,401.08
2026-06-30,SKU-1013,Dairy & Frozen,Ontario Cross-Dock 7,Ontario,C,Nearshore,269,94,363,309,269,10,66.3,1,0,0.0,0.0,0.0,398.12
2026-06-30,SKU-1013,Dairy & Frozen,Ontario Cold Chain DC 9,Ontario,C,Nearshore,548,154,702,414,321,10,58.4,1,0,0.0,81.0,119.88,811.04
2026-06-30,SKU-1013,Dairy & Frozen,Quebec Cross-Dock 10,Quebec,C,Nearshore,192,79,271,376,287,10,21.6,1,105,155.4,0.0,0.0,284.16
2026-06-30,SKU-1014,Fresh & Produce,BC Lower Mainland Cross-Dock 1,BC Lower Mainland,C,Nearshore,1529,613,2142,1173,1130,17,598.2,1,0,0.0,382.5,1082.48,4327.07
2026-06-30,SKU-1014,Fresh & Produce,BC Lower Mainland Cold Chain DC 3,BC Lower Mainland,C,Nearshore,352,95,447,382,356,17,232.5,1,0,0.0,0.0,0.0,996.16
2026-06-30,SKU-1014,Fresh & Produce,BC Interior Cross-Dock 4,BC Interior,C,Nearshore,159,29,188,316,261,17,49.1,1,128,362.24,0.0,0.0,449.97
2026-06-30,SKU-1014,Fresh & Produce,Alberta Cross-Dock 5,Alberta,C,Nearshore,290,184,474,356,311,17,107.6,1,0,0.0,0.0,0.0,820.7
2026-06-30,SKU-1014,Fresh & Produce,Ontario Cross-Dock 7,Ontario,C,Nearshore,428,93,521,344,297,17,155.1,1,0,0.0,5.0,14.15,1211.24
2026-06-30,SKU-1014,Fresh & Produce,Ontario Cold Chain DC 9,Ontario,C,Nearshore,221,39,260,238,199,17,96.2,1,0,0.0,0.0,0.0,625.43
2026-06-30,SKU-1014,Fresh & Produce,Quebec Cross-Dock 10,Quebec,C,Nearshore,259,102,361,288,238,17,88.5,1,0,0.0,0.0,0.0,732.97
2026-06-30,SKU-1015,Apparel,BC Lower Mainland Ambient DC 2,BC Lower Mainland,B,Offshore,956,607,1563,1364,592,32,39.6,1,0,0.0,0.0,0.0,5085.92
2026-06-30,SKU-1015,Apparel,BC Interior Cross-Dock 4,BC Interior,B,Offshore,350,208,558,630,517,32,99.1,1,72,383.04,0.0,0.0,1862.0
2026-06-30,SKU-1015,Apparel,Alberta Ambient DC 6,Alberta,B,Offshore,1073,401,1474,685,651,32,1001.9,1,0,0.0,446.5,2375.38,5708.36
2026-06-30,SKU-1016,Fresh & Produce,BC Lower Mainland Cross-Dock 1,BC Lower Mainland,C,Nearshore,99,55,154,318,293,11,44.7,1,164,295.2,0.0,0.0,178.2
2026-06-30,SKU-1016,Fresh & Produce,BC Lower Mainland Cold Chain DC 3,BC Lower Mainland,C,Nearshore,376,97,473,189,177,11,353.7,1,0,0.0,189.5,341.1,676.8
2026-06-30,SKU-1016,Fresh & Produce,BC Interior Cross-Dock 4,BC Interior,C,Nearshore,394,288,682,605,579,11,167.2,1,0,0.0,0.0,0.0,709.2
2026-06-30,SKU-1016,Fresh & Produce,Alberta Cross-Dock 5,Alberta,C,Nearshore,320,107,427,210,198,11,292.2,1,0,0.0,112.0,201.6,576.0
2026-06-30,SKU-1016,Fresh & Produce,Ontario Cross-Dock 7,Ontario,C,Nearshore,173,110,283,290,265,11,75.6,1,7,12.6,0.0,0.0,311.4
2026-06-30,SKU-1016,Fresh & Produce,Ontario Cold Chain DC 9,Ontario,C,Nearshore,293,84,377,311,297,11,229.4,1,0,0.0,0.0,0.0,527.4
2026-06-30,SKU-1016,Fresh & Produce,Quebec Cross-Dock 10,Quebec,C,Nearshore,95,68,163,147,132,11,69.1,1,0,0.0,0.0,0.0,171.0
2026-06-30,SKU-1017,Apparel,Alberta Ambient DC 6,Alberta,A,Nearshore,182,104,286,532,307,9,7.3,0,246,8181.96,0.0,0.0,6053.32
2026-06-30,SKU-1017,Apparel,Ontario Ambient DC 8,Ontario,A,Nearshore,330,147,477,298,228,9,42.4,1,0,0.0,30.0,997.8,10975.8
2026-06-30,SKU-1017,Apparel,Quebec Cross-Dock 10,Quebec,A,Nearshore,88,66,154,153,134,9,42.0,1,0,0.0,0.0,0.0,2926.88
2026-06-30,SKU-1018,Grocery,BC Lower Mainland Ambient DC 2,BC Lower Mainland,B,Offshore,1281,324,1605,1509,702,32,50.7,1,0,0.0,0.0,0.0,10721.97
2026-06-30,SKU-1018,Grocery,Alberta Ambient DC 6,Alberta,B,Offshore,794,369,1163,1032,585,32,56.9,1,0,0.0,0.0,0.0,6645.78
2026-06-30,SKU-1018,Grocery,Quebec Cross-Dock 10,Quebec,B,Offshore,478,133,611,1031,670,32,42.4,1,420,3515.4,0.0,0.0,4000.86
2026-06-30,SKU-1019,Meat & Seafood,BC Lower Mainland Cross-Dock 1,BC Lower Mainland,A,Nearshore,732,314,1046,445,364,12,108.2,1,0,0.0,378.5,6108.99,11814.48
2026-06-30,SKU-1019,Meat & Seafood,BC Lower Mainland Cold Chain DC 3,BC Lower Mainland,A,Nearshore,362,193,555,464,376,12,49.2,1,0,0.0,0.0,0.0,5842.68
2026-06-30,SKU-1019,Meat & Seafood,BC Interior Cross-Dock 4,BC Interior,A,Nearshore,411,189,600,565,431,12,36.7,1,0,0.0,0.0,0.0,6633.54
2026-06-30,SKU-1019,Meat & Seafood,Alberta Cross-Dock 5,Alberta,A,Nearshore,691,277,968,408,323,12,97.0,1,0,0.0,356.0,5745.84,11152.74
2026-06-30,SKU-1019,Meat & Seafood,Ontario Cross-Dock 7,Ontario,A,Nearshore,330,222,552,470,369,12,38.9,1,0,0.0,0.0,0.0,5326.2
2026-06-30,SKU-1019,Meat & Seafood,Ontario Cold Chain DC 9,Ontario,A,Nearshore,261,79,340,324,253,12,44.2,1,0,0.0,0.0,0.0,4212.54
2026-06-30,SKU-1019,Meat & Seafood,Quebec Cross-Dock 10,Quebec,A,Nearshore,423,127,550,358,253,12,48.4,1,0,0.0,13.0,209.82,6827.22
2026-06-30,SKU-1020,Fresh & Produce,BC Lower Mainland Cross-Dock 1,BC Lower Mainland,C,Nearshore,177,130,307,280,267,10,135.8,1,0,0.0,0.0,0.0,1338.12
2026-06-30,SKU-1020,Fresh & Produce,BC Lower Mainland Cold Chain DC 3,BC Lower Mainland,C,Nearshore,291,58,349,252,242,10,285.9,1,0,0.0,0.0,0.0,2199.96
2026-06-30,SKU-1020,Fresh & Produce,BC Interior Cross-Dock 4,BC Interior,C,Nearshore,154,38,192,242,219,10,66.1,1,50,378.0,0.0,0.0,1164.24
2026-06-30,SKU-1020,Fresh & Produce,Alberta Cross-Dock 5,Alberta,C,Nearshore,582,134,716,426,415,10,521.5,1,0,0.0,77.0,582.12,4399.92
2026-06-30,SKU-1020,Fresh & Produce,Ontario Cross-Dock 7,Ontario,C,Nearshore,229,123,352,303,282,10,104.8,1,0,0.0,0.0,0.0,1731.24
2026-06-30,SKU-1020,Fresh & Produce,Ontario Cold Chain DC 9,Ontario,C,Nearshore,237,152,389,352,335,10,139.5,1,0,0.0,0.0,0.0,1791.72
2026-06-30,SKU-1020,Fresh & Produce,Quebec Cross-Dock 10,Quebec,C,Nearshore,186,77,263,216,203,10,140.4,1,0,0.0,0.0,0.0,1406.16
2026-06-30,SKU-1021,Meat & Seafood,BC Lower Mainland Cross-Dock 1,BC Lower Mainland,C,Nearshore,174,76,250,204,200,16,690.5,1,0,0.0,0.0,0.0,2235.9
2026-06-30,SKU-1021,Meat & Seafood,BC Lower Mainland Cold Chain DC 3,BC Lower Mainland,C,Nearshore,390,305,695,298,281,16,369.0,1,0,0.0,248.0,3186.8,5011.5
2026-06-30,SKU-1021,Meat & Seafood,BC Interior Cross-Dock 4,BC Interior,C,Nearshore,352,176,528,481,447,16,164.3,1,0,0.0,0.0,0.0,4523.2
2026-06-30,SKU-1021,Meat & Seafood,Alberta Cross-Dock 5,Alberta,C,Nearshore,467,96,563,293,278,16,493.1,1,0,0.0,123.5,1586.98,6000.95
2026-06-30,SKU-1021,Meat & Seafood,Ontario Cross-Dock 7,Ontario,C,Nearshore,85,44,129,321,307,16,97.3,1,192,2467.2,0.0,0.0,1092.25
2026-06-30,SKU-1021,Meat & Seafood,Ontario Cold Chain DC 9,Ontario,C,Nearshore,211,163,374,155,144,16,301.9,1,0,0.0,141.5,1818.28,2711.35
2026-06-30,SKU-1021,Meat & Seafood,Quebec Cross-Dock 10,Quebec,C,Nearshore,161,88,249,171,150,16,121.1,1,0,0.0,0.0,0.0,2068.85
2026-06-30,SKU-1022,Fresh & Produce,BC Lower Mainland Cross-Dock 1,BC Lower Mainland,C,Nearshore,424,188,612,494,382,12,45.3,1,0,0.0,0.0,0.0,623.28
2026-06-30,SKU-1022,Fresh & Produce,BC Lower Mainland Cold Chain DC 3,BC Lower Mainland,C,Nearshore,210,86,296,495,407,12,28.7,1,199,292.53,0.0,0.0,308.7
2026-06-30,SKU-1022,Fresh & Produce,BC Interior Cross-Dock 4,BC Interior,C,Nearshore,259,166,425,479,344,12,22.9,1,54,79.38,0.0,0.0,380.73
2026-06-30,SKU-1022,Fresh & Produce,Alberta Cross-Dock 5,Alberta,C,Nearshore,174,95,269,502,386,12,18.1,1,233,342.51,0.0,0.0,255.78
2026-06-30,SKU-1022,Fresh & Produce,Ontario Cross-Dock 7,Ontario,C,Nearshore,282,108,390,421,319,12,32.9,1,31,45.57,0.0,0.0,414.54
2026-06-30,SKU-1022,Fresh & Produce,Ontario Cold Chain DC 9,Ontario,C,Nearshore,393,145,538,308,241,12,69.9,1,0,0.0,76.0,111.72,577.71
2026-06-30,SKU-1022,Fresh & Produce,Quebec Cross-Dock 10,Quebec,C,Nearshore,670,131,801,367,276,12,88.2,1,0,0.0,250.5,368.24,984.9
2026-06-30,SKU-1023,Grocery,BC Interior Cross-Dock 4,BC Interior,C,Offshore,1838,510,2348,1069,1052,28,3068.4,1,0,0.0,744.5,5821.99,14373.16
2026-06-30,SKU-1023,Grocery,Ontario Cross-Dock 7,Ontario,C,Offshore,298,158,456,321,290,28,264.7,1,0,0.0,0.0,0.0,2330.36
2026-06-30,SKU-1023,Grocery,Quebec Cross-Dock 10,Quebec,C,Offshore,339,215,554,549,394,28,61.2,1,0,0.0,0.0,0.0,2650.98
2026-06-30,SKU-1024,Household Essentials,BC Interior Cross-Dock 4,BC Interior,C,Offshore,395,160,555,548,505,31,285.6,1,0,0.0,0.0,0.0,7587.95
2026-06-30,SKU-1024,Household Essentials,Alberta Cross-Dock 5,Alberta,C,Offshore,126,70,196,443,368,31,51.7,1,247,4744.87,0.0,0.0,2420.46
2026-06-30,SKU-1024,Household Essentials,Ontario Ambient DC 8,Ontario,C,Offshore,284,80,364,345,317,31,315.6,1,0,0.0,0.0,0.0,5455.64
2026-06-30,SKU-1025,Dairy & Frozen,BC Lower Mainland Cross-Dock 1,BC Lower Mainland,C,Nearshore,78,26,104,192,186,12,161.2,1,88,609.84,0.0,0.0,540.54
2026-06-30,SKU-1025,Dairy & Frozen,BC Lower Mainland Cold Chain DC 3,BC Lower Mainland,C,Nearshore,170,60,230,190,174,12,128.3,1,0,0.0,0.0,0.0,1178.1
2026-06-30,SKU-1025,Dairy & Frozen,BC Interior Cross-Dock 4,BC Interior,C,Nearshore,321,68,389,349,333,12,243.7,1,0,0.0,0.0,0.0,2224.53
2026-06-30,SKU-1025,Dairy & Frozen,Alberta Cross-Dock 5,Alberta,C,Nearshore,89,51,140,119,109,12,107.6,1,0,0.0,0.0,0.0,616.77
2026-06-30,SKU-1025,Dairy & Frozen,Ontario Cross-Dock 7,Ontario,C,Nearshore,70,17,87,152,144,12,116.9,1,65,450.45,0.0,0.0,485.1
2026-06-30,SKU-1025,Dairy & Frozen,Ontario Cold Chain DC 9,Ontario,C,Nearshore,148,54,202,201,194,12,287.9,1,0,0.0,0.0,0.0,1025.64
2026-06-30,SKU-1025,Dairy & Frozen,Quebec Cross-Dock 10,Quebec,C,Nearshore,68,27,95,87,82,12,157.8,1,0,0.0,0.0,0.0,471.24
2026-06-30,SKU-1026,Health & Wellness,BC Interior Cross-Dock 4,BC Interior,C,Offshore,265,129,394,852,474,32,22.4,0,458,2033.52,0.0,0.0,1176.6
2026-06-30,SKU-1026,Health & Wellness,Alberta Cross-Dock 5,Alberta,C,Offshore,219,91,310,299,280,32,372.4,1,0,0.0,0.0,0.0,972.36
2026-06-30,SKU-1026,Health & Wellness,Quebec Cross-Dock 10,Quebec,C,Offshore,208,67,275,388,339,32,135.5,1,113,501.72,0.0,0.0,923.52
2026-06-30,SKU-1027,Grocery,Alberta Cross-Dock 5,Alberta,C,Offshore,509,177,686,636,502,40,151.6,1,0,0.0,0.0,0.0,595.53
2026-06-30,SKU-1027,Grocery,Ontario Cross-Dock 7,Ontario,C,Offshore,968,548,1516,1377,616,40,50.9,1,0,0.0,0.0,0.0,1132.56
2026-06-30,SKU-1028,Health & Wellness,Alberta Cross-Dock 5,Alberta,A,Nearshore,1750,549,2299,2263,855,17,21.1,1,0,0.0,0.0,0.0,55142.5
2026-06-30,SKU-1028,Health & Wellness,Ontario Cross-Dock 7,Ontario,A,Nearshore,1034,225,1259,912,496,17,42.3,1,0,0.0,0.0,0.0,32581.34
2026-06-30,SKU-1028,Health & Wellness,Quebec Cross-Dock 10,Quebec,A,Nearshore,477,183,660,613,519,17,86.3,1,0,0.0,0.0,0.0,15030.27
2026-06-30,SKU-1029,Meat & Seafood,BC Lower Mainland Cross-Dock 1,BC Lower Mainland,A,Nearshore,234,46,280,488,423,18,64.3,1,208,3400.8,0.0,0.0,3825.9
2026-06-30,SKU-1029,Meat & Seafood,BC Lower Mainland Cold Chain DC 3,BC Lower Mainland,A,Nearshore,109,78,187,316,253,18,31.1,1,129,2109.15,0.0,0.0,1782.15
2026-06-30,SKU-1029,Meat & Seafood,BC Interior Cross-Dock 4,BC Interior,A,Nearshore,523,136,659,645,512,18,70.9,1,0,0.0,0.0,0.0,8551.05
2026-06-30,SKU-1029,Meat & Seafood,Alberta Cross-Dock 5,Alberta,A,Nearshore,543,111,654,614,489,18,78.2,1,0,0.0,0.0,0.0,8878.05
2026-06-30,SKU-1029,Meat & Seafood,Ontario Cross-Dock 7,Ontario,A,Nearshore,736,296,1032,772,654,18,111.9,1,0,0.0,0.0,0.0,12033.6
2026-06-30,SKU-1029,Meat & Seafood,Ontario Cold Chain DC 9,Ontario,A,Nearshore,1138,561,1699,667,573,18,217.9,1,0,0.0,698.5,11420.48,18606.3
2026-06-30,SKU-1029,Meat & Seafood,Quebec Cross-Dock 10,Quebec,A,Nearshore,276,170,446,437,333,18,47.4,1,0,0.0,0.0,0.0,4512.6
2026-06-30,SKU-1030,Apparel,BC Interior Cross-Dock 4,BC Interior,A,Offshore,919,417,1336,1414,660,34,41.4,1,78,1747.98,0.0,0.0,20594.79
2026-06-30,SKU-1030,Apparel,Ontario Ambient DC 8,Ontario,A,Offshore,199,114,313,686,518,34,40.2,1,373,8358.93,0.0,0.0,4459.59
2026-06-30,SKU-1031,Dairy & Frozen,BC Lower Mainland Cross-Dock 1,BC Lower Mainland,C,Nearshore,74,49,123,113,109,12,235.7,1,0,0.0,0.0,0.0,606.8
2026-06-30,SKU-1031,Dairy & Frozen,BC Lower Mainland Cold Chain DC 3,BC Lower Mainland,C,Nearshore,198,92,290,265,253,12,197.0,1,0,0.0,0.0,0.0,1623.6
2026-06-30,SKU-1031,Dairy & Frozen,BC Interior Cross-Dock 4,BC Interior,C,Nearshore,213,79,292,283,276,12,361.0,1,0,0.0,0.0,0.0,1746.6
2026-06-30,SKU-1031,Dairy & Frozen,Alberta Cross-Dock 5,Alberta,C,Nearshore,317,184,501,201,197,12,823.4,1,0,0.0,199.5,1635.9,2599.4
2026-06-30,SKU-1031,Dairy & Frozen,Ontario Cross-Dock 7,Ontario,C,Nearshore,113,31,144,153,146,12,195.2,1,9,73.8,0.0,0.0,926.6
2026-06-30,SKU-1031,Dairy & Frozen,Ontario Cold Chain DC 9,Ontario,C,Nearshore,119,24,143,166,157,12,169.0,1,23,188.6,0.0,0.0,975.8
2026-06-30,SKU-1031,Dairy & Frozen,Quebec Cross-Dock 10,Quebec,C,Nearshore,190,59,249,98,94,12,523.4,1,0,0.0,102.0,836.4,1558.0
2026-06-30,SKU-1032,Health & Wellness,BC Interior Cross-Dock 4,BC Interior,B,Offshore,1284,379,1663,1242,1167,43,732.0,1,0,0.0,0.0,0.0,19824.96
2026-06-30,SKU-1032,Health & Wellness,Ontario Ambient DC 8,Ontario,B,Offshore,948,254,1202,1263,615,43,63.0,1,61,941.84,0.0,0.0,14637.12
2026-06-30,SKU-1032,Health & Wellness,Quebec Cross-Dock 10,Quebec,B,Offshore,517,132,649,724,574,43,148.6,1,75,1158.0,0.0,0.0,7982.48
2026-06-30,SKU-1033,Fresh & Produce,BC Lower Mainland Cross-Dock 1,BC Lower Mainland,B,Nearshore,216,109,325,340,288,12,50.5,1,15,145.65,0.0,0.0,2097.36
2026-06-30,SKU-1033,Fresh & Produce,BC Lower Mainland Cold Chain DC 3,BC Lower Mainland,B,Nearshore,838,167,1005,410,362,12,207.9,1,0,0.0,390.0,3786.9,8136.98
2026-06-30,SKU-1033,Fresh & Produce,BC Interior Cross-Dock 4,BC Interior,B,Nearshore,333,171,504,367,280,12,46.0,1,0,0.0,0.0,0.0,3233.43
2026-06-30,SKU-1033,Fresh & Produce,Alberta Cross-Dock 5,Alberta,B,Nearshore,211,94,305,335,291,12,56.8,1,30,291.3,0.0,0.0,2048.81
2026-06-30,SKU-1033,Fresh & Produce,Ontario Cross-Dock 7,Ontario,B,Nearshore,714,374,1088,408,341,12,128.3,1,0,0.0,476.0,4621.96,6932.94
2026-06-30,SKU-1033,Fresh & Produce,Ontario Cold Chain DC 9,Ontario,B,Nearshore,116,72,188,337,289,12,29.3,1,149,1446.79,0.0,0.0,1126.36
2026-06-30,SKU-1033,Fresh & Produce,Quebec Cross-Dock 10,Quebec,B,Nearshore,106,46,152,261,198,12,20.2,1,109,1058.39,0.0,0.0,1029.26
2026-06-30,SKU-1034,Health & Wellness,Ontario Cross-Dock 7,Ontario,B,Offshore,322,225,547,838,713,36,92.8,1,291,4190.4,0.0,0.0,4636.8
2026-06-30,SKU-1034,Health & Wellness,Ontario Ambient DC 8,Ontario,B,Offshore,467,293,760,899,596,36,55.5,1,139,2001.6,0.0,0.0,6724.8
2026-06-30,SKU-1034,Health & Wellness,Quebec Cross-Dock 10,Quebec,B,Offshore,233,69,302,417,370,36,178.5,1,115,1656.0,0.0,0.0,3355.2
2026-06-30,SKU-1035,Grocery,Alberta Cross-Dock 5,Alberta,C,Offshore,747,160,907,869,614,32,93.8,1,0,0.0,0.0,0.0,2442.69
2026-06-30,SKU-1035,Grocery,Ontario Cross-Dock 7,Ontario,C,Offshore,675,190,865,691,581,32,195.8,1,0,0.0,0.0,0.0,2207.25
2026-06-30,SKU-1035,Grocery,Ontario Ambient DC 8,Ontario,C,Offshore,1654,512,2166,1589,1026,32,93.9,1,0,0.0,0.0,0.0,5408.58
2026-06-30,SKU-1036,Household Essentials,Ontario Cross-Dock 7,Ontario,B,Offshore,690,378,1068,949,522,35,56.5,1,0,0.0,0.0,0.0,11764.5
2026-06-30,SKU-1037,Health & Wellness,BC Interior Cross-Dock 4,BC Interior,A,Offshore,1962,671,2633,2405,817,30,37.1,1,0,0.0,0.0,0.0,17952.3
2026-06-30,SKU-1037,Health & Wellness,Alberta Cross-Dock 5,Alberta,A,Offshore,743,267,1010,847,554,30,76.0,1,0,0.0,0.0,0.0,6798.45
2026-06-30,SKU-1038,Toys & Seasonal,BC Lower Mainland Cross-Dock 1,BC Lower Mainland,A,Offshore,410,84,494,711,495,48,91.1,1,217,9025.03,0.0,0.0,17051.9
2026-06-30,SKU-1038,Toys & Seasonal,Alberta Cross-Dock 5,Alberta,A,Offshore,2111,800,2911,1665,828,48,121.1,1,0,0.0,413.5,17197.46,87796.49
2026-06-30,SKU-1038,Toys & Seasonal,Ontario Cross-Dock 7,Ontario,A,Offshore,758,337,1095,932,720,48,171.5,1,0,0.0,0.0,0.0,31525.22
2026-06-30,SKU-1039,Dairy & Frozen,BC Lower Mainland Cross-Dock 1,BC Lower Mainland,B,Nearshore,400,112,512,428,365,10,63.1,1,0,0.0,0.0,0.0,2040.0
2026-06-30,SKU-1039,Dairy & Frozen,BC Lower Mainland Cold Chain DC 3,BC Lower Mainland,B,Nearshore,111,37,148,234,203,10,35.4,1,86,438.6,0.0,0.0,566.1
2026-06-30,SKU-1039,Dairy & Frozen,BC Interior Cross-Dock 4,BC Interior,B,Nearshore,285,123,408,463,392,10,40.1,1,55,280.5,0.0,0.0,1453.5
2026-06-30,SKU-1039,Dairy & Frozen,Alberta Cross-Dock 5,Alberta,B,Nearshore,88,51,139,262,215,10,18.8,1,123,627.3,0.0,0.0,448.8
2026-06-30,SKU-1039,Dairy & Frozen,Ontario Cross-Dock 7,Ontario,B,Nearshore,165,96,261,263,217,10,35.4,1,2,10.2,0.0,0.0,841.5
2026-06-30,SKU-1039,Dairy & Frozen,Ontario Cold Chain DC 9,Ontario,B,Nearshore,236,139,375,250,207,10,55.2,1,0,0.0,0.0,0.0,1203.6
2026-06-30,SKU-1039,Dairy & Frozen,Quebec Cross-Dock 10,Quebec,B,Nearshore,81,46,127,235,193,10,19.3,1,108,550.8,0.0,0.0,413.1
2026-06-30,SKU-1040,Household Essentials,BC Interior Cross-Dock 4,BC Interior,C,Offshore,1,0,1,2,0,37,24.4,0,1,8.94,0.0,0.0,8.94
2026-06-30,SKU-1040,Household Essentials,Alberta Cross-Dock 5,Alberta,C,Offshore,300,115,415,388,317,37,156.1,1,0,0.0,0.0,0.0,2682.0
2026-06-30,SKU-1040,Household Essentials,Alberta Ambient DC 6,Alberta,C,Offshore,434,247,681,670,396,37,58.5,1,0,0.0,0.0,0.0,3879.96
2026-06-30,SKU-1041,Grocery,BC Lower Mainland Ambient DC 2,BC Lower Mainland,C,Offshore,475,338,813,722,444,32,54.6,1,0,0.0,0.0,0.0,4208.5
2026-06-30,SKU-1041,Grocery,BC Interior Cross-Dock 4,BC Interior,C,Offshore,197,58,255,299,246,32,116.8,1,44,389.84,0.0,0.0,1745.42
2026-06-30,SKU-1041,Grocery,Alberta Ambient DC 6,Alberta,C,Offshore,810,633,1443,820,643,32,146.0,1,0,0.0,213.0,1887.18,7176.6
2026-06-30,SKU-1042,Dairy & Frozen,BC Lower Mainland Cross-Dock 1,BC Lower Mainland,C,Nearshore,728,236,964,626,621,12,1806.5,1,0,0.0,25.0,103.0,2999.36
2026-06-30,SKU-1042,Dairy & Frozen,BC Lower Mainland Cold Chain DC 3,BC Lower Mainland,C,Nearshore,79,55,134,130,128,12,478.8,1,0,0.0,0.0,0.0,325.48
2026-06-30,SKU-1042,Dairy & Frozen,BC Interior Cross-Dock 4,BC Interior,C,Nearshore,112,25,137,147,144,12,373.3,1,10,41.2,0.0,0.0,461.44
2026-06-30,SKU-1042,Dairy & Frozen,Alberta Cross-Dock 5,Alberta,C,Nearshore,113,74,187,143,141,12,582.5,1,0,0.0,0.0,0.0,465.56
2026-06-30,SKU-1042,Dairy & Frozen,Ontario Cross-Dock 7,Ontario,C,Nearshore,224,125,349,377,375,12,1098.0,1,28,115.36,0.0,0.0,922.88
2026-06-30,SKU-1042,Dairy & Frozen,Ontario Cold Chain DC 9,Ontario,C,Nearshore,64,31,95,101,99,12,303.3,1,6,24.72,0.0,0.0,263.68
2026-06-30,SKU-1042,Dairy & Frozen,Quebec Cross-Dock 10,Quebec,C,Nearshore,70,32,102,97,94,12,328.6,1,0,0.0,0.0,0.0,288.4
2026-06-30,SKU-1043,Meat & Seafood,BC Lower Mainland Cross-Dock 1,BC Lower Mainland,B,Nearshore,288,129,417,373,337,15,121.3,1,0,0.0,0.0,0.0,5944.32
2026-06-30,SKU-1043,Meat & Seafood,BC Lower Mainland Cold Chain DC 3,BC Lower Mainland,B,Nearshore,159,102,261,294,274,15,121.7,1,33,681.12,0.0,0.0,3281.76
2026-06-30,SKU-1043,Meat & Seafood,BC Interior Cross-Dock 4,BC Interior,B,Nearshore,702,222,924,454,394,15,175.6,1,0,0.0,243.0,5015.52,14489.28
2026-06-30,SKU-1043,Meat & Seafood,Alberta Cross-Dock 5,Alberta,B,Nearshore,200,135,335,292,252,15,74.6,1,0,0.0,0.0,0.0,4128.0
2026-06-30,SKU-1043,Meat & Seafood,Ontario Cross-Dock 7,Ontario,B,Nearshore,366,113,479,361,321,15,136.1,1,0,0.0,0.0,0.0,7554.24
2026-06-30,SKU-1043,Meat & Seafood,Ontario Cold Chain DC 9,Ontario,B,Nearshore,225,86,311,294,247,15,72.2,1,0,0.0,0.0,0.0,4644.0
2026-06-30,SKU-1043,Meat & Seafood,Quebec Cross-Dock 10,Quebec,B,Nearshore,182,53,235,218,188,15,92.1,1,0,0.0,0.0,0.0,3756.48
2026-06-30,SKU-1044,Meat & Seafood,BC Lower Mainland Cross-Dock 1,BC Lower Mainland,C,Nearshore,299,133,432,237,232,8,421.7,1,0,0.0,76.5,177.48,693.68
2026-06-30,SKU-1044,Meat & Seafood,BC Lower Mainland Cold Chain DC 3,BC Lower Mainland,C,Nearshore,150,47,197,212,204,8,160.6,1,15,34.8,0.0,0.0,348.0
2026-06-30,SKU-1044,Meat & Seafood,BC Interior Cross-Dock 4,BC Interior,C,Nearshore,200,117,317,334,322,8,140.2,1,17,39.44,0.0,0.0,464.0
2026-06-30,SKU-1044,Meat & Seafood,Alberta Cross-Dock 5,Alberta,C,Nearshore,140,109,249,205,194,8,99.6,1,0,0.0,0.0,0.0,324.8
2026-06-30,SKU-1044,Meat & Seafood,Ontario Cross-Dock 7,Ontario,C,Nearshore,217,81,298,169,158,8,151.6,1,0,0.0,44.5,103.24,503.44
2026-06-30,SKU-1044,Meat & Seafood,Ontario Cold Chain DC 9,Ontario,C,Nearshore,324,112,436,256,245,8,236.5,1,0,0.0,52.0,120.64,751.68
2026-06-30,SKU-1044,Meat & Seafood,Quebec Cross-Dock 10,Quebec,C,Nearshore,85,65,150,126,115,8,61.5,1,0,0.0,0.0,0.0,197.2
2026-06-30,SKU-1045,Electronics,BC Interior Cross-Dock 4,BC Interior,A,Offshore,685,277,962,1381,743,39,41.8,1,419,81910.31,0.0,0.0,133910.65
2026-06-30,SKU-1045,Electronics,Alberta Cross-Dock 5,Alberta,A,Offshore,406,206,612,587,511,39,205.9,1,0,0.0,0.0,0.0,79368.94
2026-06-30,SKU-1045,Electronics,Ontario Cross-Dock 7,Ontario,A,Offshore,528,134,662,758,589,39,121.8,1,96,18767.04,0.0,0.0,103218.72
2026-06-30,SKU-1046,Health & Wellness,Alberta Ambient DC 6,Alberta,B,Offshore,511,291,802,840,452,34,44.7,1,38,740.24,0.0,0.0,9954.28
2026-06-30,SKU-1046,Health & Wellness,Ontario Cross-Dock 7,Ontario,B,Offshore,338,154,492,471,399,34,159.5,1,0,0.0,0.0,0.0,6584.24
2026-06-30,SKU-1047,Household Essentials,BC Lower Mainland Ambient DC 2,BC Lower Mainland,C,Offshore,832,364,1196,1615,1454,40,207.5,1,419,4319.89,0.0,0.0,8577.92
2026-06-30,SKU-1047,Household Essentials,Ontario Ambient DC 8,Ontario,C,Offshore,656,196,852,913,900,40,2000.0,1,61,628.91,0.0,0.0,6763.36
2026-06-30,SKU-1048,Fresh & Produce,BC Lower Mainland Cross-Dock 1,BC Lower Mainland,C,Nearshore,355,207,562,459,364,16,59.9,1,0,0.0,0.0,0.0,564.45
2026-06-30,SKU-1048,Fresh & Produce,BC Lower Mainland Cold Chain DC 3,BC Lower Mainland,C,Nearshore,304,148,452,351,299,16,93.9,1,0,0.0,0.0,0.0,483.36
2026-06-30,SKU-1048,Fresh & Produce,BC Interior Cross-Dock 4,BC Interior,C,Nearshore,1197,383,1580,587,425,16,118.7,1,0,0.0,699.5,1112.21,1903.23
2026-06-30,SKU-1048,Fresh & Produce,Alberta Cross-Dock 5,Alberta,C,Nearshore,136,83,219,262,199,16,34.5,1,43,68.37,0.0,0.0,216.24
2026-06-30,SKU-1048,Fresh & Produce,Ontario Cross-Dock 7,Ontario,C,Nearshore,420,233,653,592,490,16,65.6,1,0,0.0,0.0,0.0,667.8
2026-06-30,SKU-1048,Fresh & Produce,Ontario Cold Chain DC 9,Ontario,C,Nearshore,407,110,517,445,356,16,73.3,1,0,0.0,0.0,0.0,647.13
2026-06-30,SKU-1048,Fresh & Produce,Quebec Cross-Dock 10,Quebec,C,Nearshore,306,150,456,361,267,16,52.0,1,0,0.0,0.0,0.0,486.54
2026-06-30,SKU-1049,Apparel,Alberta Cross-Dock 5,Alberta,A,Nearshore,463,114,577,446,378,11,75.8,1,0,0.0,0.0,0.0,7241.32
2026-06-30,SKU-1049,Apparel,Ontario Cross-Dock 7,Ontario,A,Nearshore,1539,728,2267,1098,525,11,29.6,1,0,0.0,620.0,9696.8,24069.96
2026-06-30,SKU-1050,Grocery,Alberta Ambient DC 6,Alberta,C,Offshore,270,69,339,623,573,28,149.8,1,284,1806.24,0.0,0.0,1717.2
2026-06-30,SKU-1050,Grocery,Ontario Ambient DC 8,Ontario,C,Offshore,156,33,189,370,337,28,128.8,1,181,1151.16,0.0,0.0,992.16
2026-06-30,SKU-1050,Grocery,Quebec Cross-Dock 10,Quebec,C,Offshore,530,119,649,581,484,28,153.6,1,0,0.0,0.0,0.0,3370.8
2026-06-30,SKU-1051,Fresh & Produce,BC Lower Mainland Cross-Dock 1,BC Lower Mainland,B,Nearshore,366,65,431,444,374,17,89.0,1,13,134.68,0.0,0.0,3791.76
2026-06-30,SKU-1051,Fresh & Produce,BC Lower Mainland Cold Chain DC 3,BC Lower Mainland,B,Nearshore,289,115,404,376,303,17,66.7,1,0,0.0,0.0,0.0,2994.04
2026-06-30,SKU-1051,Fresh & Produce,BC Interior Cross-Dock 4,BC Interior,B,Nearshore,349,97,446,389,303,17,69.1,1,0,0.0,0.0,0.0,3615.64
2026-06-30,SKU-1051,Fresh & Produce,Alberta Cross-Dock 5,Alberta,B,Nearshore,334,213,547,326,255,17,79.8,1,0,0.0,58.0,600.88,3460.24
2026-06-30,SKU-1051,Fresh & Produce,Ontario Cross-Dock 7,Ontario,B,Nearshore,251,99,350,360,297,17,67.5,1,10,103.6,0.0,0.0,2600.36
2026-06-30,SKU-1051,Fresh & Produce,Ontario Cold Chain DC 9,Ontario,B,Nearshore,292,217,509,362,284,17,63.5,1,0,0.0,0.0,0.0,3025.12
2026-06-30,SKU-1051,Fresh & Produce,Quebec Cross-Dock 10,Quebec,B,Nearshore,399,149,548,390,288,17,66.2,1,0,0.0,0.0,0.0,4133.64
2026-06-30,SKU-1052,Meat & Seafood,BC Lower Mainland Cross-Dock 1,BC Lower Mainland,B,Nearshore,148,60,208,397,366,12,57.3,1,189,2995.65,0.0,0.0,2345.8
2026-06-30,SKU-1052,Meat & Seafood,BC Lower Mainland Cold Chain DC 3,BC Lower Mainland,B,Nearshore,251,182,433,353,322,12,99.1,1,0,0.0,0.0,0.0,3978.35
2026-06-30,SKU-1052,Meat & Seafood,BC Interior Cross-Dock 4,BC Interior,B,Nearshore,164,35,199,404,359,12,43.5,1,205,3249.25,0.0,0.0,2599.4
2026-06-30,SKU-1052,Meat & Seafood,Alberta Cross-Dock 5,Alberta,B,Nearshore,240,118,358,398,370,12,103.2,1,40,634.0,0.0,0.0,3804.0
2026-06-30,SKU-1052,Meat & Seafood,Ontario Cross-Dock 7,Ontario,B,Nearshore,251,84,335,231,209,12,139.5,1,0,0.0,0.0,0.0,3978.35
2026-06-30,SKU-1052,Meat & Seafood,Ontario Cold Chain DC 9,Ontario,B,Nearshore,382,122,504,431,398,12,139.4,1,0,0.0,0.0,0.0,6054.7
2026-06-30,SKU-1052,Meat & Seafood,Quebec Cross-Dock 10,Quebec,B,Nearshore,238,135,373,350,312,12,74.3,1,0,0.0,0.0,0.0,3772.3
2026-06-30,SKU-1053,Grocery,BC Lower Mainland Ambient DC 2,BC Lower Mainland,A,Offshore,3079,1141,4220,4160,1291,40,42.9,1,0,0.0,0.0,0.0,41012.28
2026-06-30,SKU-1053,Grocery,BC Interior Cross-Dock 4,BC Interior,A,Offshore,1554,434,1988,1058,653,40,153.5,1,0,0.0,401.0,5341.32,20699.28
2026-06-30,SKU-1053,Grocery,Alberta Cross-Dock 5,Alberta,A,Offshore,325,194,519,1189,709,40,27.1,0,670,8924.4,0.0,0.0,4329.0
2026-06-30,SKU-1054,Grocery,BC Lower Mainland Cross-Dock 1,BC Lower Mainland,C,Nearshore,207,159,366,276,238,11,60.7,1,0,0.0,0.0,0.0,966.69
2026-06-30,SKU-1054,Grocery,BC Interior Cross-Dock 4,BC Interior,C,Nearshore,450,173,623,461,370,11,54.4,1,0,0.0,0.0,0.0,2101.5
2026-06-30,SKU-1054,Grocery,Ontario Ambient DC 8,Ontario,C,Nearshore,594,262,856,583,395,11,34.8,1,0,0.0,0.0,0.0,2773.98
2026-06-30,SKU-1055,Apparel,BC Interior Cross-Dock 4,BC Interior,C,Offshore,441,216,657,766,501,45,74.8,1,109,1245.87,0.0,0.0,5040.63
2026-06-30,SKU-1055,Apparel,Alberta Ambient DC 6,Alberta,C,Offshore,254,49,303,824,760,45,177.6,1,521,5955.03,0.0,0.0,2903.22
2026-06-30,SKU-1055,Apparel,Quebec Cross-Dock 10,Quebec,C,Offshore,266,204,470,537,494,45,282.4,1,67,765.81,0.0,0.0,3040.38
2026-06-30,SKU-1056,Household Essentials,Alberta Ambient DC 6,Alberta,C,Offshore,393,115,508,575,410,33,78.8,1,67,1085.4,0.0,0.0,6366.6
2026-06-30,SKU-1056,Household Essentials,Ontario Ambient DC 8,Ontario,C,Offshore,274,115,389,402,329,33,123.0,1,13,210.6,0.0,0.0,4438.8
2026-06-30,SKU-1057,Dairy & Frozen,BC Lower Mainland Cross-Dock 1,BC Lower Mainland,C,Nearshore,297,185,482,445,426,16,251.3,1,0,0.0,0.0,0.0,1615.68
2026-06-30,SKU-1057,Dairy & Frozen,BC Lower Mainland Cold Chain DC 3,BC Lower Mainland,C,Nearshore,267,64,331,386,369,16,249.8,1,55,299.2,0.0,0.0,1452.48
2026-06-30,SKU-1057,Dairy & Frozen,BC Interior Cross-Dock 4,BC Interior,C,Nearshore,499,95,594,462,413,16,162.3,1,0,0.0,0.0,0.0,2714.56
2026-06-30,SKU-1057,Dairy & Frozen,Alberta Cross-Dock 5,Alberta,C,Nearshore,291,173,464,266,249,16,271.7,1,0,0.0,65.0,353.6,1583.04
2026-06-30,SKU-1057,Dairy & Frozen,Ontario Cross-Dock 7,Ontario,C,Nearshore,240,78,318,324,299,16,152.2,1,6,32.64,0.0,0.0,1305.6
2026-06-30,SKU-1057,Dairy & Frozen,Ontario Cold Chain DC 9,Ontario,C,Nearshore,505,141,646,552,523,16,272.7,1,0,0.0,0.0,0.0,2747.2
2026-06-30,SKU-1057,Dairy & Frozen,Quebec Cross-Dock 10,Quebec,C,Nearshore,290,196,486,228,205,16,198.2,1,0,0.0,144.0,783.36,1577.6
2026-06-30,SKU-1058,Dairy & Frozen,BC Lower Mainland Cross-Dock 1,BC Lower Mainland,C,Nearshore,231,54,285,319,313,16,601.6,1,34,162.18,0.0,0.0,1101.87
2026-06-30,SKU-1058,Dairy & Frozen,BC Lower Mainland Cold Chain DC 3,BC Lower Mainland,C,Nearshore,263,79,342,321,309,16,352.5,1,0,0.0,0.0,0.0,1254.51
2026-06-30,SKU-1058,Dairy & Frozen,BC Interior Cross-Dock 4,BC Interior,C,Nearshore,115,22,137,130,124,16,283.3,1,0,0.0,0.0,0.0,548.55
2026-06-30,SKU-1058,Dairy & Frozen,Alberta Cross-Dock 5,Alberta,C,Nearshore,247,87,334,310,305,16,815.2,1,0,0.0,0.0,0.0,1178.19
2026-06-30,SKU-1058,Dairy & Frozen,Ontario Cross-Dock 7,Ontario,C,Nearshore,391,239,630,342,337,16,1126.8,1,0,0.0,117.0,558.09,1865.07
2026-06-30,SKU-1058,Dairy & Frozen,Ontario Cold Chain DC 9,Ontario,C,Nearshore,95,18,113,97,94,16,522.0,1,0,0.0,0.0,0.0,453.15
2026-06-30,SKU-1058,Dairy & Frozen,Quebec Cross-Dock 10,Quebec,C,Nearshore,158,78,236,218,212,16,385.4,1,0,0.0,0.0,0.0,753.66
2026-06-30,SKU-1059,Dairy & Frozen,BC Lower Mainland Cross-Dock 1,BC Lower Mainland,A,Nearshore,562,232,794,666,460,19,51.8,1,0,0.0,0.0,0.0,7440.88
2026-06-30,SKU-1059,Dairy & Frozen,BC Lower Mainland Cold Chain DC 3,BC Lower Mainland,A,Nearshore,501,257,758,650,449,19,47.5,1,0,0.0,0.0,0.0,6633.24
2026-06-30,SKU-1059,Dairy & Frozen,BC Interior Cross-Dock 4,BC Interior,A,Nearshore,1039,241,1280,834,507,19,60.4,1,0,0.0,29.0,383.96,13756.36
2026-06-30,SKU-1059,Dairy & Frozen,Alberta Cross-Dock 5,Alberta,A,Nearshore,527,168,695,657,429,19,44.0,1,0,0.0,0.0,0.0,6977.48
2026-06-30,SKU-1059,Dairy & Frozen,Ontario Cross-Dock 7,Ontario,A,Nearshore,660,118,778,745,603,19,88.3,1,0,0.0,0.0,0.0,8738.4
2026-06-30,SKU-1059,Dairy & Frozen,Ontario Cold Chain DC 9,Ontario,A,Nearshore,454,121,575,1125,799,19,26.5,1,550,7282.0,0.0,0.0,6010.96
2026-06-30,SKU-1059,Dairy & Frozen,Quebec Cross-Dock 10,Quebec,A,Nearshore,295,85,380,635,380,19,22.0,1,255,3376.2,0.0,0.0,3905.8
2026-06-30,SKU-1060,Health & Wellness,BC Lower Mainland Ambient DC 2,BC Lower Mainland,A,Offshore,604,232,836,1645,698,34,21.7,0,809,14642.9,0.0,0.0,10932.4
2026-06-30,SKU-1060,Health & Wellness,Alberta Cross-Dock 5,Alberta,A,Offshore,591,344,935,1032,653,34,53.0,1,97,1755.7,0.0,0.0,10697.1
2026-06-30,SKU-1061,Meat & Seafood,BC Lower Mainland Cross-Dock 1,BC Lower Mainland,B,Nearshore,195,132,327,348,321,12,85.9,1,21,302.82,0.0,0.0,2811.9
2026-06-30,SKU-1061,Meat & Seafood,BC Lower Mainland Cold Chain DC 3,BC Lower Mainland,B,Nearshore,268,171,439,471,437,12,95.1,1,32,461.44,0.0,0.0,3864.56
2026-06-30,SKU-1061,Meat & Seafood,BC Interior Cross-Dock 4,BC Interior,B,Nearshore,628,493,1121,882,814,12,110.5,1,0,0.0,0.0,0.0,9055.76
2026-06-30,SKU-1061,Meat & Seafood,Alberta Cross-Dock 5,Alberta,B,Nearshore,133,24,157,168,150,12,89.2,1,11,158.62,0.0,0.0,1917.86
2026-06-30,SKU-1061,Meat & Seafood,Ontario Cross-Dock 7,Ontario,B,Nearshore,316,69,385,279,252,12,140.9,1,0,0.0,0.0,0.0,4556.72
2026-06-30,SKU-1061,Meat & Seafood,Ontario Cold Chain DC 9,Ontario,B,Nearshore,322,157,479,275,251,12,160.6,1,0,0.0,66.5,958.93,4643.24
2026-06-30,SKU-1061,Meat & Seafood,Quebec Cross-Dock 10,Quebec,B,Nearshore,277,116,393,229,190,12,85.0,1,0,0.0,49.5,713.79,3994.34
2026-06-30,SKU-1062,Grocery,BC Lower Mainland Ambient DC 2,BC Lower Mainland,B,Offshore,516,298,814,766,508,42,84.0,1,0,0.0,0.0,0.0,4210.56
2026-06-30,SKU-1062,Grocery,Ontario Cross-Dock 7,Ontario,B,Offshore,1150,469,1619,2130,793,42,36.1,0,511,4169.76,0.0,0.0,9384.0
2026-06-30,SKU-1063,Grocery,Ontario Cross-Dock 7,Ontario,C,Nearshore,415,223,638,267,245,10,192.1,1,0,0.0,237.5,1610.25,2813.7
2026-06-30,SKU-1063,Grocery,Ontario Ambient DC 8,Ontario,C,Nearshore,138,32,170,302,212,10,15.2,1,132,894.96,0.0,0.0,935.64
2026-06-30,SKU-1063,Grocery,Quebec Cross-Dock 10,Quebec,C,Nearshore,200,73,273,145,142,10,636.9,1,0,0.0,55.5,376.29,1356.0
2026-06-30,SKU-1064,Fresh & Produce,BC Lower Mainland Cross-Dock 1,BC Lower Mainland,C,Nearshore,254,131,385,234,212,16,189.7,1,0,0.0,34.0,139.74,1043.94
2026-06-30,SKU-1064,Fresh & Produce,BC Lower Mainland Cold Chain DC 3,BC Lower Mainland,C,Nearshore,259,156,415,388,370,16,231.2,1,0,0.0,0.0,0.0,1064.49
2026-06-30,SKU-1064,Fresh & Produce,BC Interior Cross-Dock 4,BC Interior,C,Nearshore,576,321,897,511,473,16,237.8,1,0,0.0,130.5,536.36,2367.36
2026-06-30,SKU-1064,Fresh & Produce,Alberta Cross-Dock 5,Alberta,C,Nearshore,257,164,421,355,331,16,174.4,1,0,0.0,0.0,0.0,1056.27
2026-06-30,SKU-1064,Fresh & Produce,Ontario Cross-Dock 7,Ontario,C,Nearshore,365,176,541,222,212,16,588.7,1,0,0.0,208.0,854.88,1500.15
2026-06-30,SKU-1064,Fresh & Produce,Ontario Cold Chain DC 9,Ontario,C,Nearshore,347,79,426,503,472,16,175.8,1,77,316.47,0.0,0.0,1426.17
2026-06-30,SKU-1064,Fresh & Produce,Quebec Cross-Dock 10,Quebec,C,Nearshore,217,71,288,227,209,16,191.9,1,0,0.0,0.0,0.0,891.87
2026-06-30,SKU-1065,Meat & Seafood,BC Lower Mainland Cross-Dock 1,BC Lower Mainland,A,Nearshore,537,366,903,560,420,19,72.7,1,0,0.0,63.0,941.85,8028.15
2026-06-30,SKU-1065,Meat & Seafood,BC Lower Mainland Cold Chain DC 3,BC Lower Mainland,A,Nearshore,408,124,532,512,416,19,81.0,1,0,0.0,0.0,0.0,6099.6
2026-06-30,SKU-1065,Meat & Seafood,BC Interior Cross-Dock 4,BC Interior,A,Nearshore,429,296,725,625,433,19,42.5,1,0,0.0,0.0,0.0,6413.55
2026-06-30,SKU-1065,Meat & Seafood,Alberta Cross-Dock 5,Alberta,A,Nearshore,235,59,294,487,365,19,36.8,1,193,2885.35,0.0,0.0,3513.25
2026-06-30,SKU-1065,Meat & Seafood,Ontario Cross-Dock 7,Ontario,A,Nearshore,303,148,451,461,359,19,56.5,1,10,149.5,0.0,0.0,4529.85
2026-06-30,SKU-1065,Meat & Seafood,Ontario Cold Chain DC 9,Ontario,A,Nearshore,371,135,506,442,305,19,51.6,1,0,0.0,0.0,0.0,5546.45
2026-06-30,SKU-1065,Meat & Seafood,Quebec Cross-Dock 10,Quebec,A,Nearshore,281,225,506,435,303,19,40.2,1,0,0.0,0.0,0.0,4200.95
2026-06-30,SKU-1066,Electronics,BC Interior Cross-Dock 4,BC Interior,A,Nearshore,151,69,220,406,401,12,359.5,1,186,6236.58,0.0,0.0,5063.03
2026-06-30,SKU-1066,Electronics,Alberta Ambient DC 6,Alberta,A,Nearshore,462,217,679,676,396,12,19.8,1,0,0.0,0.0,0.0,15490.86
2026-06-30,SKU-1066,Electronics,Quebec Cross-Dock 10,Quebec,A,Nearshore,115,21,136,155,144,12,120.3,1,19,637.07,0.0,0.0,3855.95
2026-06-30,SKU-1067,Grocery,BC Interior Cross-Dock 4,BC Interior,C,Offshore,1083,363,1446,1748,809,32,36.9,1,302,459.04,0.0,0.0,1646.16
2026-06-30,SKU-1067,Grocery,Ontario Cross-Dock 7,Ontario,C,Offshore,630,130,760,935,595,32,59.3,1,175,266.0,0.0,0.0,957.6
2026-06-30,SKU-1067,Grocery,Ontario Ambient DC 8,Ontario,C,Offshore,654,299,953,991,737,32,82.4,1,38,57.76,0.0,0.0,994.08
2026-06-30,SKU-1068,Grocery,BC Lower Mainland Cross-Dock 1,BC Lower Mainland,C,Offshore,776,270,1046,729,581,30,158.2,1,0,0.0,0.0,0.0,5269.04
2026-06-30,SKU-1068,Grocery,Alberta Cross-Dock 5,Alberta,C,Offshore,421,190,611,777,522,30,49.5,1,166,1127.14,0.0,0.0,2858.59
2026-06-30,SKU-1068,Grocery,Ontario Ambient DC 8,Ontario,C,Offshore,571,170,741,821,585,30,72.7,1,80,543.2,0.0,0.0,3877.09
2026-06-30,SKU-1069,Apparel,BC Lower Mainland Cross-Dock 1,BC Lower Mainland,A,Offshore,2098,990,3088,1518,619,33,77.1,1,0,0.0,811.0,17720.35,45841.3
2026-06-30,SKU-1069,Apparel,BC Interior Cross-Dock 4,BC Interior,A,Offshore,1061,496,1557,815,651,33,212.8,1,0,0.0,334.5,7308.83,23182.85
2026-06-30,SKU-1070,Dairy & Frozen,BC Lower Mainland Cross-Dock 1,BC Lower Mainland,C,Nearshore,138,81,219,96,94,19,1007.3,1,0,0.0,75.0,611.25,1124.7
2026-06-30,SKU-1070,Dairy & Frozen,BC Lower Mainland Cold Chain DC 3,BC Lower Mainland,C,Nearshore,614,368,982,446,435,19,1081.0,1,0,0.0,313.0,2550.95,5004.1
2026-06-30,SKU-1070,Dairy & Frozen,BC Interior Cross-Dock 4,BC Interior,C,Nearshore,61,45,106,114,112,19,570.1,1,8,65.2,0.0,0.0,497.15
2026-06-30,SKU-1070,Dairy & Frozen,Alberta Cross-Dock 5,Alberta,C,Nearshore,74,51,125,107,104,19,621.8,1,0,0.0,0.0,0.0,603.1
2026-06-30,SKU-1070,Dairy & Frozen,Ontario Cross-Dock 7,Ontario,C,Nearshore,237,162,399,406,401,19,1017.2,1,7,57.05,0.0,0.0,1931.55
2026-06-30,SKU-1070,Dairy & Frozen,Ontario Cold Chain DC 9,Ontario,C,Nearshore,4,1,5,5,1,19,21.2,1,0,0.0,0.0,0.0,32.6
2026-06-30,SKU-1070,Dairy & Frozen,Quebec Cross-Dock 10,Quebec,C,Nearshore,752,594,1346,796,791,19,2881.2,1,0,0.0,152.0,1238.8,6128.8
2026-06-30,SKU-1071,Home & Kitchen,BC Lower Mainland Cross-Dock 1,BC Lower Mainland,B,Offshore,128,43,171,249,234,35,309.9,1,78,2818.14,0.0,0.0,4624.64
2026-06-30,SKU-1071,Home & Kitchen,Quebec Cross-Dock 10,Quebec,B,Offshore,534,219,753,735,523,35,88.1,1,0,0.0,0.0,0.0,19293.42
2026-06-30,SKU-1072,Dairy & Frozen,BC Lower Mainland Cross-Dock 1,BC Lower Mainland,C,Nearshore,349,110,459,312,273,18,160.8,1,0,0.0,0.0,0.0,2083.53
2026-06-30,SKU-1072,Dairy & Frozen,BC Lower Mainland Cold Chain DC 3,BC Lower Mainland,C,Nearshore,349,166,515,456,415,18,152.1,1,0,0.0,0.0,0.0,2083.53
2026-06-30,SKU-1072,Dairy & Frozen,BC Interior Cross-Dock 4,BC Interior,C,Nearshore,165,120,285,456,387,18,43.2,1,171,1020.87,0.0,0.0,985.05
2026-06-30,SKU-1072,Dairy & Frozen,Alberta Cross-Dock 5,Alberta,C,Nearshore,258,69,327,281,223,18,79.7,1,0,0.0,0.0,0.0,1540.26
2026-06-30,SKU-1072,Dairy & Frozen,Ontario Cross-Dock 7,Ontario,C,Nearshore,309,113,422,258,231,18,201.4,1,0,0.0,35.0,208.95,1844.73
2026-06-30,SKU-1072,Dairy & Frozen,Ontario Cold Chain DC 9,Ontario,C,Nearshore,234,90,324,575,515,18,71.1,1,251,1498.47,0.0,0.0,1396.98
2026-06-30,SKU-1072,Dairy & Frozen,Quebec Cross-Dock 10,Quebec,C,Nearshore,287,179,466,369,303,18,79.3,1,0,0.0,0.0,0.0,1713.39
2026-06-30,SKU-1073,Fresh & Produce,BC Lower Mainland Cross-Dock 1,BC Lower Mainland,C,Nearshore,184,107,291,175,159,11,125.8,1,0,0.0,28.5,199.22,1286.16
2026-06-30,SKU-1073,Fresh & Produce,BC Lower Mainland Cold Chain DC 3,BC Lower Mainland,C,Nearshore,253,141,394,325,314,11,242.6,1,0,0.0,0.0,0.0,1768.47
2026-06-30,SKU-1073,Fresh & Produce,BC Interior Cross-Dock 4,BC Interior,C,Nearshore,229,61,290,294,269,11,103.6,1,4,27.96,0.0,0.0,1600.71
2026-06-30,SKU-1073,Fresh & Produce,Alberta Cross-Dock 5,Alberta,C,Nearshore,308,95,403,222,205,11,195.4,1,0,0.0,70.0,489.3,2152.92
2026-06-30,SKU-1073,Fresh & Produce,Ontario Cross-Dock 7,Ontario,C,Nearshore,167,133,300,513,485,11,65.3,1,213,1488.87,0.0,0.0,1167.33
2026-06-30,SKU-1073,Fresh & Produce,Ontario Cold Chain DC 9,Ontario,C,Nearshore,254,182,436,338,318,11,139.6,1,0,0.0,0.0,0.0,1775.46
2026-06-30,SKU-1073,Fresh & Produce,Quebec Cross-Dock 10,Quebec,C,Nearshore,293,73,366,168,148,11,161.7,1,0,0.0,114.0,796.86,2048.07
2026-06-30,SKU-1074,Dairy & Frozen,BC Lower Mainland Cross-Dock 1,BC Lower Mainland,C,Nearshore,309,68,377,367,343,17,215.9,1,0,0.0,0.0,0.0,1748.94
2026-06-30,SKU-1074,Dairy & Frozen,BC Lower Mainland Cold Chain DC 3,BC Lower Mainland,C,Nearshore,329,95,424,374,352,17,255.4,1,0,0.0,0.0,0.0,1862.14
2026-06-30,SKU-1074,Dairy & Frozen,BC Interior Cross-Dock 4,BC Interior,C,Nearshore,468,305,773,334,297,17,216.4,1,0,0.0,272.0,1539.52,2648.88
2026-06-30,SKU-1074,Dairy & Frozen,Alberta Cross-Dock 5,Alberta,C,Nearshore,1041,480,1521,512,473,17,451.2,1,0,0.0,753.0,4261.98,5892.06
2026-06-30,SKU-1074,Dairy & Frozen,Ontario Cross-Dock 7,Ontario,C,Nearshore,280,82,362,345,310,17,134.8,1,0,0.0,0.0,0.0,1584.8
2026-06-30,SKU-1074,Dairy & Frozen,Ontario Cold Chain DC 9,Ontario,C,Nearshore,386,154,540,428,400,17,233.1,1,0,0.0,0.0,0.0,2184.76
2026-06-30,SKU-1074,Dairy & Frozen,Quebec Cross-Dock 10,Quebec,C,Nearshore,291,113,404,263,230,17,151.2,1,0,0.0,9.5,53.77,1647.06
2026-06-30,SKU-1075,Dairy & Frozen,BC Lower Mainland Cross-Dock 1,BC Lower Mainland,B,Nearshore,174,65,239,186,163,10,75.5,1,0,0.0,0.0,0.0,1569.48
2026-06-30,SKU-1075,Dairy & Frozen,BC Lower Mainland Cold Chain DC 3,BC Lower Mainland,B,Nearshore,226,129,355,318,300,10,122.8,1,0,0.0,0.0,0.0,2038.52
2026-06-30,SKU-1075,Dairy & Frozen,BC Interior Cross-Dock 4,BC Interior,B,Nearshore,72,42,114,218,183,10,20.9,1,104,938.08,0.0,0.0,649.44
2026-06-30,SKU-1075,Dairy & Frozen,Alberta Cross-Dock 5,Alberta,B,Nearshore,145,66,211,378,349,10,50.3,1,167,1506.34,0.0,0.0,1307.9
2026-06-30,SKU-1075,Dairy & Frozen,Ontario Cross-Dock 7,Ontario,B,Nearshore,490,384,874,364,320,10,112.5,1,0,0.0,328.0,2958.56,4419.8
2026-06-30,SKU-1075,Dairy & Frozen,Ontario Cold Chain DC 9,Ontario,B,Nearshore,277,58,335,145,138,10,369.8,1,0,0.0,117.5,1059.85,2498.54
2026-06-30,SKU-1075,Dairy & Frozen,Quebec Cross-Dock 10,Quebec,B,Nearshore,91,32,123,157,139,10,49.3,1,34,306.68,0.0,0.0,820.82
2026-06-30,SKU-1076,Toys & Seasonal,BC Lower Mainland Cross-Dock 1,BC Lower Mainland,B,Nearshore,417,274,691,584,432,17,46.4,1,0,0.0,0.0,0.0,13915.29
2026-06-30,SKU-1076,Toys & Seasonal,Alberta Ambient DC 6,Alberta,B,Nearshore,50,38,88,93,90,17,284.1,1,5,166.85,0.0,0.0,1668.5
2026-06-30,SKU-1077,Grocery,BC Interior Cross-Dock 4,BC Interior,B,Offshore,1071,526,1597,1816,787,34,35.4,1,219,2347.68,0.0,0.0,11481.12
2026-06-30,SKU-1077,Grocery,Ontario Cross-Dock 7,Ontario,B,Offshore,773,393,1166,1151,665,34,54.1,1,0,0.0,0.0,0.0,8286.56
2026-06-30,SKU-1077,Grocery,Quebec Cross-Dock 10,Quebec,B,Offshore,307,214,521,358,297,34,170.9,1,0,0.0,0.0,0.0,3291.04
2026-06-30,SKU-1078,Meat & Seafood,BC Lower Mainland Cross-Dock 1,BC Lower Mainland,C,Nearshore,334,192,526,345,326,14,248.9,1,0,0.0,8.5,81.18,3189.7
2026-06-30,SKU-1078,Meat & Seafood,BC Lower Mainland Cold Chain DC 3,BC Lower Mainland,C,Nearshore,101,36,137,250,235,14,90.3,1,113,1079.15,0.0,0.0,964.55
2026-06-30,SKU-1078,Meat & Seafood,BC Interior Cross-Dock 4,BC Interior,C,Nearshore,386,283,669,676,632,14,123.3,1,7,66.85,0.0,0.0,3686.3
2026-06-30,SKU-1078,Meat & Seafood,Alberta Cross-Dock 5,Alberta,C,Nearshore,140,51,191,219,205,14,144.2,1,28,267.4,0.0,0.0,1337.0
2026-06-30,SKU-1078,Meat & Seafood,Ontario Cross-Dock 7,Ontario,C,Nearshore,323,133,456,297,273,14,189.8,1,0,0.0,10.5,100.28,3084.65
2026-06-30,SKU-1078,Meat & Seafood,Ontario Cold Chain DC 9,Ontario,C,Nearshore,742,146,888,331,309,14,483.4,1,0,0.0,391.5,3738.82,7086.1
2026-06-30,SKU-1078,Meat & Seafood,Quebec Cross-Dock 10,Quebec,C,Nearshore,342,210,552,369,345,14,204.7,1,0,0.0,0.0,0.0,3266.1
2026-06-30,SKU-1079,Household Essentials,BC Lower Mainland Ambient DC 2,BC Lower Mainland,C,Offshore,463,359,822,1001,563,45,47.6,1,179,529.84,0.0,0.0,1370.48
2026-06-30,SKU-1079,Household Essentials,BC Interior Cross-Dock 4,BC Interior,C,Offshore,125,61,186,505,444,45,92.1,1,319,944.24,0.0,0.0,370.0
2026-06-30,SKU-1079,Household Essentials,Ontario Cross-Dock 7,Ontario,C,Offshore,221,75,296,384,284,45,98.7,1,88,260.48,0.0,0.0,654.16
2026-06-30,SKU-1080,Meat & Seafood,BC Lower Mainland Cross-Dock 1,BC Lower Mainland,B,Nearshore,550,285,835,369,329,12,162.4,1,0,0.0,281.5,4177.46,8162.0
2026-06-30,SKU-1080,Meat & Seafood,BC Lower Mainland Cold Chain DC 3,BC Lower Mainland,B,Nearshore,172,46,218,212,198,12,152.3,1,0,0.0,0.0,0.0,2552.48
2026-06-30,SKU-1080,Meat & Seafood,BC Interior Cross-Dock 4,BC Interior,B,Nearshore,323,109,432,401,360,12,95.8,1,0,0.0,0.0,0.0,4793.32
2026-06-30,SKU-1080,Meat & Seafood,Alberta Cross-Dock 5,Alberta,B,Nearshore,78,35,113,251,222,12,32.4,1,138,2047.92,0.0,0.0,1157.52
2026-06-30,SKU-1080,Meat & Seafood,Ontario Cross-Dock 7,Ontario,B,Nearshore,285,211,496,297,266,12,109.6,1,0,0.0,50.5,749.42,4229.4
2026-06-30,SKU-1080,Meat & Seafood,Ontario Cold Chain DC 9,Ontario,B,Nearshore,502,94,596,254,225,12,205.1,1,0,0.0,215.0,3190.6,7449.68
2026-06-30,SKU-1080,Meat & Seafood,Quebec Cross-Dock 10,Quebec,B,Nearshore,214,75,289,259,228,12,83.6,1,0,0.0,0.0,0.0,3175.76
2026-06-30,SKU-1081,Grocery,BC Lower Mainland Cross-Dock 1,BC Lower Mainland,C,Offshore,405,125,530,519,392,31,98.9,1,0,0.0,0.0,0.0,4621.05
2026-06-30,SKU-1081,Grocery,Alberta Cross-Dock 5,Alberta,C,Offshore,192,156,348,365,332,31,183.0,1,17,193.97,0.0,0.0,2190.72
2026-06-30,SKU-1081,Grocery,Ontario Ambient DC 8,Ontario,C,Offshore,321,152,473,582,547,31,279.9,1,109,1243.69,0.0,0.0,3662.61
2026-06-30,SKU-1082,Meat & Seafood,BC Lower Mainland Cross-Dock 1,BC Lower Mainland,B,Nearshore,164,31,195,369,335,16,78.0,1,174,3241.62,0.0,0.0,3055.32
2026-06-30,SKU-1082,Meat & Seafood,BC Lower Mainland Cold Chain DC 3,BC Lower Mainland,B,Nearshore,376,85,461,324,289,16,170.7,1,0,0.0,0.0,0.0,7004.88
2026-06-30,SKU-1082,Meat & Seafood,BC Interior Cross-Dock 4,BC Interior,B,Nearshore,417,148,565,676,586,16,74.1,1,111,2067.93,0.0,0.0,7768.71
2026-06-30,SKU-1082,Meat & Seafood,Alberta Cross-Dock 5,Alberta,B,Nearshore,405,108,513,436,389,16,138.3,1,0,0.0,0.0,0.0,7545.15
2026-06-30,SKU-1082,Meat & Seafood,Ontario Cross-Dock 7,Ontario,B,Nearshore,127,98,225,260,225,16,57.8,1,35,652.05,0.0,0.0,2366.01
2026-06-30,SKU-1082,Meat & Seafood,Ontario Cold Chain DC 9,Ontario,B,Nearshore,264,165,429,389,333,16,75.9,1,0,0.0,0.0,0.0,4918.32
2026-06-30,SKU-1082,Meat & Seafood,Quebec Cross-Dock 10,Quebec,B,Nearshore,332,87,419,359,303,16,96.0,1,0,0.0,0.0,0.0,6185.16
2026-06-30,SKU-1083,Apparel,BC Interior Cross-Dock 4,BC Interior,A,Offshore,857,570,1427,2012,777,40,27.7,0,585,7996.95,0.0,0.0,11715.19
2026-06-30,SKU-1083,Apparel,Alberta Ambient DC 6,Alberta,A,Offshore,458,314,772,549,474,40,245.7,1,0,0.0,0.0,0.0,6260.86
2026-06-30,SKU-1083,Apparel,Quebec Cross-Dock 10,Quebec,A,Offshore,419,332,751,578,434,40,116.5,1,0,0.0,0.0,0.0,5727.73
2026-06-30,SKU-1084,Household Essentials,BC Lower Mainland Ambient DC 2,BC Lower Mainland,C,Nearshore,175,82,257,411,407,10,382.1,1,154,2696.54,0.0,0.0,3064.25
2026-06-30,SKU-1084,Household Essentials,Ontario Ambient DC 8,Ontario,C,Nearshore,357,290,647,347,297,10,71.3,1,0,0.0,126.5,2215.02,6251.07
2026-06-30,SKU-1085,Electronics,BC Lower Mainland Cross-Dock 1,BC Lower Mainland,A,Offshore,634,390,1024,904,551,36,64.6,1,0,0.0,0.0,0.0,154898.88
2026-06-30,SKU-1085,Electronics,BC Interior Cross-Dock 4,BC Interior,A,Offshore,692,316,1008,496,411,36,293.2,1,0,0.0,264.0,64500.48,169069.44
2026-06-30,SKU-1085,Electronics,Ontario Ambient DC 8,Ontario,A,Offshore,565,449,1014,547,436,36,183.7,1,0,0.0,193.5,47275.92,138040.8
2026-06-30,SKU-1086,Toys & Seasonal,BC Interior Cross-Dock 4,BC Interior,A,Offshore,114,45,159,234,213,42,230.3,1,75,3642.75,0.0,0.0,5536.98
2026-06-30,SKU-1086,Toys & Seasonal,Ontario Ambient DC 8,Ontario,A,Offshore,1970,491,2461,2561,1117,42,57.3,1,100,4857.0,0.0,0.0,95682.9
2026-06-30,SKU-1087,Grocery,BC Lower Mainland Ambient DC 2,BC Lower Mainland,C,Offshore,427,240,667,927,665,44,72.0,1,260,1586.0,0.0,0.0,2604.7
2026-06-30,SKU-1087,Grocery,Alberta Ambient DC 6,Alberta,C,Offshore,1087,589,1676,1342,794,44,87.2,1,0,0.0,0.0,0.0,6630.7
2026-06-30,SKU-1087,Grocery,Ontario Cross-Dock 7,Ontario,C,Offshore,657,126,783,935,561,44,77.3,1,152,927.2,0.0,0.0,4007.7
2026-06-30,SKU-1088,Electronics,Alberta Ambient DC 6,Alberta,A,Offshore,1161,241,1402,1623,797,44,61.8,1,221,50558.17,0.0,0.0,265601.97
2026-06-30,SKU-1088,Electronics,Ontario Ambient DC 8,Ontario,A,Offshore,199,59,258,380,281,44,88.1,1,122,27909.94,0.0,0.0,45525.23
2026-06-30,SKU-1089,Meat & Seafood,BC Lower Mainland Cross-Dock 1,BC Lower Mainland,B,Nearshore,224,141,365,517,469,13,61.0,1,152,2986.8,0.0,0.0,4401.6
2026-06-30,SKU-1089,Meat & Seafood,BC Lower Mainland Cold Chain DC 3,BC Lower Mainland,B,Nearshore,447,216,663,323,278,13,129.2,1,0,0.0,178.5,3507.52,8783.55
2026-06-30,SKU-1089,Meat & Seafood,BC Interior Cross-Dock 4,BC Interior,B,Nearshore,285,142,427,439,356,13,44.7,1,12,235.8,0.0,0.0,5600.25
2026-06-30,SKU-1089,Meat & Seafood,Alberta Cross-Dock 5,Alberta,B,Nearshore,414,106,520,424,369,13,97.8,1,0,0.0,0.0,0.0,8135.1
2026-06-30,SKU-1089,Meat & Seafood,Ontario Cross-Dock 7,Ontario,B,Nearshore,322,134,456,351,308,13,96.7,1,0,0.0,0.0,0.0,6327.3
2026-06-30,SKU-1089,Meat & Seafood,Ontario Cold Chain DC 9,Ontario,B,Nearshore,236,177,413,388,337,13,59.9,1,0,0.0,0.0,0.0,4637.4
2026-06-30,SKU-1089,Meat & Seafood,Quebec Cross-Dock 10,Quebec,B,Nearshore,414,96,510,354,278,13,70.6,1,0,0.0,0.0,0.0,8135.1
2026-06-30,SKU-1090,Home & Kitchen,Alberta Cross-Dock 5,Alberta,A,Offshore,658,355,1013,1037,580,37,53.2,1,24,2075.52,0.0,0.0,56903.84
2026-06-30,SKU-1090,Home & Kitchen,Quebec Cross-Dock 10,Quebec,A,Offshore,245,174,419,410,367,37,212.1,1,0,0.0,0.0,0.0,21187.6
2026-06-30,SKU-1091,Toys & Seasonal,Alberta Ambient DC 6,Alberta,A,Offshore,3139,1545,4684,4077,1622,35,44.8,1,0,0.0,0.0,0.0,44511.02
2026-06-30,SKU-1092,Dairy & Frozen,BC Lower Mainland Cross-Dock 1,BC Lower Mainland,C,Nearshore,809,528,1337,621,566,17,248.1,1,0,0.0,405.5,2412.72,4813.55
2026-06-30,SKU-1092,Dairy & Frozen,BC Lower Mainland Cold Chain DC 3,BC Lower Mainland,C,Nearshore,558,343,901,930,890,17,236.7,1,29,172.55,0.0,0.0,3320.1
2026-06-30,SKU-1092,Dairy & Frozen,BC Interior Cross-Dock 4,BC Interior,C,Nearshore,134,73,207,411,340,17,32.2,1,204,1213.8,0.0,0.0,797.3
2026-06-30,SKU-1092,Dairy & Frozen,Alberta Cross-Dock 5,Alberta,C,Nearshore,1245,324,1569,568,501,17,313.1,1,0,0.0,717.0,4266.15,7407.75
2026-06-30,SKU-1092,Dairy & Frozen,Ontario Cross-Dock 7,Ontario,C,Nearshore,168,44,212,238,208,17,93.0,1,26,154.7,0.0,0.0,999.6
2026-06-30,SKU-1092,Dairy & Frozen,Ontario Cold Chain DC 9,Ontario,C,Nearshore,351,64,415,430,384,17,129.2,1,15,89.25,0.0,0.0,2088.45
2026-06-30,SKU-1092,Dairy & Frozen,Quebec Cross-Dock 10,Quebec,C,Nearshore,407,203,610,302,234,17,102.6,1,0,0.0,157.0,934.15,2421.65
2026-06-30,SKU-1093,Fresh & Produce,BC Lower Mainland Cross-Dock 1,BC Lower Mainland,C,Nearshore,318,116,434,450,423,16,188.7,1,16,120.8,0.0,0.0,2400.9
2026-06-30,SKU-1093,Fresh & Produce,BC Lower Mainland Cold Chain DC 3,BC Lower Mainland,C,Nearshore,554,333,887,752,733,16,462.8,1,0,0.0,0.0,0.0,4182.7
2026-06-30,SKU-1093,Fresh & Produce,BC Interior Cross-Dock 4,BC Interior,C,Nearshore,420,128,548,526,473,16,126.5,1,0,0.0,0.0,0.0,3171.0
2026-06-30,SKU-1093,Fresh & Produce,Alberta Cross-Dock 5,Alberta,C,Nearshore,313,56,369,225,209,16,302.4,1,0,0.0,31.5,237.82,2363.15
2026-06-30,SKU-1093,Fresh & Produce,Ontario Cross-Dock 7,Ontario,C,Nearshore,432,223,655,423,388,16,196.5,1,0,0.0,20.5,154.78,3261.6
2026-06-30,SKU-1093,Fresh & Produce,Ontario Cold Chain DC 9,Ontario,C,Nearshore,170,96,266,209,189,16,138.8,1,0,0.0,0.0,0.0,1283.5
2026-06-30,SKU-1093,Fresh & Produce,Quebec Cross-Dock 10,Quebec,C,Nearshore,67,15,82,138,122,16,65.3,1,56,422.8,0.0,0.0,505.85
2026-06-30,SKU-1094,Meat & Seafood,BC Lower Mainland Cross-Dock 1,BC Lower Mainland,C,Nearshore,276,89,365,170,167,10,932.4,1,0,0.0,110.0,397.1,996.36
2026-06-30,SKU-1094,Meat & Seafood,BC Lower Mainland Cold Chain DC 3,BC Lower Mainland,C,Nearshore,104,37,141,269,264,10,223.7,1,128,462.08,0.0,0.0,375.44
2026-06-30,SKU-1094,Meat & Seafood,BC Interior Cross-Dock 4,BC Interior,C,Nearshore,297,97,394,377,367,10,303.7,1,0,0.0,0.0,0.0,1072.17
2026-06-30,SKU-1094,Meat & Seafood,Alberta Cross-Dock 5,Alberta,C,Nearshore,225,59,284,200,193,10,317.8,1,0,0.0,0.0,0.0,812.25
2026-06-30,SKU-1094,Meat & Seafood,Ontario Cross-Dock 7,Ontario,C,Nearshore,158,73,231,178,171,10,236.5,1,0,0.0,0.0,0.0,570.38
2026-06-30,SKU-1094,Meat & Seafood,Ontario Cold Chain DC 9,Ontario,C,Nearshore,166,37,203,182,178,10,386.9,1,0,0.0,0.0,0.0,599.26
2026-06-30,SKU-1094,Meat & Seafood,Quebec Cross-Dock 10,Quebec,C,Nearshore,245,184,429,347,328,10,132.3,1,0,0.0,0.0,0.0,884.45
2026-06-30,SKU-1095,Home & Kitchen,Ontario Ambient DC 8,Ontario,A,Offshore,639,428,1067,1191,656,38,45.4,1,124,4388.36,0.0,0.0,22614.21
2026-06-30,SKU-1095,Home & Kitchen,Quebec Cross-Dock 10,Quebec,A,Offshore,452,259,711,474,415,38,293.7,1,0,0.0,0.0,0.0,15996.28
2026-06-30,SKU-1096,Electronics,BC Lower Mainland Cross-Dock 1,BC Lower Mainland,A,Offshore,1013,246,1259,1027,720,42,138.2,1,0,0.0,0.0,0.0,252469.99
2026-06-30,SKU-1096,Electronics,Ontario Cross-Dock 7,Ontario,A,Offshore,1794,670,2464,2853,1007,42,40.8,0,389,96950.47,0.0,0.0,447118.62
2026-06-30,SKU-1096,Electronics,Quebec Cross-Dock 10,Quebec,A,Offshore,156,84,240,292,232,42,110.8,1,52,12959.96,0.0,0.0,38879.88
2026-06-30,SKU-1097,Toys & Seasonal,BC Interior Cross-Dock 4,BC Interior,B,Offshore,725,137,862,831,668,33,146.8,1,0,0.0,0.0,0.0,10679.25
2026-06-30,SKU-1097,Toys & Seasonal,Ontario Cross-Dock 7,Ontario,B,Offshore,2672,536,3208,2161,1093,33,82.6,1,0,0.0,0.0,0.0,39358.56
2026-06-30,SKU-1098,Grocery,BC Lower Mainland Ambient DC 2,BC Lower Mainland,C,Offshore,233,47,280,397,350,31,154.7,1,117,1124.37,0.0,0.0,2239.13
2026-06-30,SKU-1098,Grocery,Alberta Ambient DC 6,Alberta,C,Offshore,158,44,202,247,234,31,354.3,1,45,432.45,0.0,0.0,1518.38
2026-06-30,SKU-1098,Grocery,Ontario Ambient DC 8,Ontario,C,Offshore,570,190,760,341,282,31,298.1,1,0,0.0,248.5,2388.08,5477.7
2026-06-30,SKU-1099,Grocery,Alberta Ambient DC 6,Alberta,C,Offshore,343,110,453,531,446,34,138.4,1,78,418.08,0.0,0.0,1838.48
2026-06-30,SKU-1099,Grocery,Ontario Ambient DC 8,Ontario,C,Offshore,517,185,702,556,435,34,145.5,1,0,0.0,0.0,0.0,2771.12
2026-06-30,SKU-1100,Grocery,BC Lower Mainland Ambient DC 2,BC Lower Mainland,B,Offshore,664,167,831,869,612,38,98.1,1,38,232.18,0.0,0.0,4057.04
2026-06-30,SKU-1100,Grocery,Alberta Cross-Dock 5,Alberta,B,Offshore,516,247,763,687,501,38,104.9,1,0,0.0,0.0,0.0,3152.76
2026-06-30,SKU-1100,Grocery,Ontario Cross-Dock 7,Ontario,B,Offshore,1092,453,1545,1214,636,38,71.9,1,0,0.0,0.0,0.0,6672.12
2026-06-30,SKU-1101,Household Essentials,BC Interior Cross-Dock 4,BC Interior,B,Offshore,1085,739,1824,950,877,38,571.4,1,0,0.0,399.0,5286.75,14376.25
2026-06-30,SKU-1101,Household Essentials,Alberta Cross-Dock 5,Alberta,B,Offshore,557,119,676,765,667,38,216.9,1,89,1179.25,0.0,0.0,7380.25
2026-06-30,SKU-1101,Household Essentials,Quebec Cross-Dock 10,Quebec,B,Offshore,675,420,1095,1170,569,38,42.7,1,75,993.75,0.0,0.0,8943.75
2026-06-30,SKU-1102,Household Essentials,BC Lower Mainland Cross-Dock 1,BC Lower Mainland,B,Offshore,1498,494,1992,1196,601,46,115.9,1,0,0.0,198.0,2251.26,17032.26
2026-06-30,SKU-1102,Household Essentials,Alberta Cross-Dock 5,Alberta,B,Offshore,207,160,367,458,399,46,163.5,1,91,1034.67,0.0,0.0,2353.59
2026-06-30,SKU-1103,Household Essentials,BC Lower Mainland Ambient DC 2,BC Lower Mainland,B,Offshore,389,202,591,445,402,37,334.5,1,0,0.0,0.0,0.0,4290.67
2026-06-30,SKU-1103,Household Essentials,Ontario Ambient DC 8,Ontario,B,Offshore,500,105,605,1300,679,37,29.8,0,695,7665.85,0.0,0.0,5515.0
2026-06-30,SKU-1103,Household Essentials,Quebec Cross-Dock 10,Quebec,B,Offshore,573,148,721,525,473,37,404.7,1,0,0.0,0.0,0.0,6320.19
2026-06-30,SKU-1104,Grocery,BC Lower Mainland Ambient DC 2,BC Lower Mainland,C,Offshore,555,189,744,527,426,35,190.9,1,0,0.0,0.0,0.0,4506.6
2026-06-30,SKU-1104,Grocery,Alberta Cross-Dock 5,Alberta,C,Offshore,1290,246,1536,777,726,35,894.6,1,0,0.0,370.5,3008.46,10474.8
2026-06-30,SKU-1104,Grocery,Quebec Cross-Dock 10,Quebec,C,Offshore,453,156,609,566,530,35,444.6,1,0,0.0,0.0,0.0,3678.36
2026-06-30,SKU-1105,Dairy & Frozen,BC Lower Mainland Cross-Dock 1,BC Lower Mainland,C,Nearshore,504,155,659,569,534,17,242.7,1,0,0.0,0.0,0.0,3240.72
2026-06-30,SKU-1105,Dairy & Frozen,BC Lower Mainland Cold Chain DC 3,BC Lower Mainland,C,Nearshore,476,278,754,696,664,17,247.9,1,0,0.0,0.0,0.0,3060.68
2026-06-30,SKU-1105,Dairy & Frozen,BC Interior Cross-Dock 4,BC Interior,C,Nearshore,725,137,862,672,620,17,238.2,1,0,0.0,0.0,0.0,4661.75
2026-06-30,SKU-1105,Dairy & Frozen,Alberta Cross-Dock 5,Alberta,C,Nearshore,198,91,289,228,200,17,118.8,1,0,0.0,0.0,0.0,1273.14
2026-06-30,SKU-1105,Dairy & Frozen,Ontario Cross-Dock 7,Ontario,C,Nearshore,290,153,443,262,246,17,313.2,1,0,0.0,50.0,321.5,1864.7
2026-06-30,SKU-1105,Dairy & Frozen,Ontario Cold Chain DC 9,Ontario,C,Nearshore,232,49,281,283,258,17,157.9,1,2,12.86,0.0,0.0,1491.76
2026-06-30,SKU-1105,Dairy & Frozen,Quebec Cross-Dock 10,Quebec,C,Nearshore,275,63,338,304,272,17,145.1,1,0,0.0,0.0,0.0,1768.25
2026-06-30,SKU-1106,Fresh & Produce,BC Lower Mainland Cross-Dock 1,BC Lower Mainland,C,Nearshore,1491,319,1810,1113,1051,18,430.6,1,0,0.0,140.5,882.34,9363.48
2026-06-30,SKU-1106,Fresh & Produce,BC Lower Mainland Cold Chain DC 3,BC Lower Mainland,C,Nearshore,356,72,428,467,432,18,183.7,1,39,244.92,0.0,0.0,2235.68
2026-06-30,SKU-1106,Fresh & Produce,BC Interior Cross-Dock 4,BC Interior,C,Nearshore,317,117,434,486,424,18,91.1,1,52,326.56,0.0,0.0,1990.76
2026-06-30,SKU-1106,Fresh & Produce,Alberta Cross-Dock 5,Alberta,C,Nearshore,665,238,903,1021,973,18,247.5,1,118,741.04,0.0,0.0,4176.2
2026-06-30,SKU-1106,Fresh & Produce,Ontario Cross-Dock 7,Ontario,C,Nearshore,571,161,732,501,463,18,264.4,1,0,0.0,0.0,0.0,3585.88
2026-06-30,SKU-1106,Fresh & Produce,Ontario Cold Chain DC 9,Ontario,C,Nearshore,538,140,678,409,355,18,181.1,1,0,0.0,64.5,405.06,3378.64
2026-06-30,SKU-1106,Fresh & Produce,Quebec Cross-Dock 10,Quebec,C,Nearshore,308,57,365,218,183,18,159.1,1,0,0.0,38.0,238.64,1934.24
2026-06-30,SKU-1107,Grocery,BC Lower Mainland Cross-Dock 1,BC Lower Mainland,B,Offshore,1815,814,2629,1304,712,31,95.0,1,0,0.0,673.0,7153.99,19293.45
2026-06-30,SKU-1107,Grocery,Alberta Ambient DC 6,Alberta,B,Offshore,645,306,951,1012,515,31,40.2,1,61,648.43,0.0,0.0,6856.35
2026-06-30,SKU-1108,Home & Kitchen,Alberta Ambient DC 6,Alberta,B,Offshore,614,497,1111,532,437,36,233.5,1,0,0.0,313.0,3032.97,5949.66
2026-06-30,SKU-1108,Home & Kitchen,Ontario Cross-Dock 7,Ontario,B,Offshore,1264,951,2215,1538,685,36,53.3,1,0,0.0,0.0,0.0,12248.16
2026-06-30,SKU-1109,Dairy & Frozen,BC Lower Mainland Cross-Dock 1,BC Lower Mainland,B,Nearshore,1055,210,1265,787,534,18,75.0,1,0,0.0,84.5,182.52,2278.8
2026-06-30,SKU-1109,Dairy & Frozen,BC Lower Mainland Cold Chain DC 3,BC Lower Mainland,B,Nearshore,721,183,904,786,600,18,70.0,1,0,0.0,0.0,0.0,1557.36
2026-06-30,SKU-1109,Dairy & Frozen,BC Interior Cross-Dock 4,BC Interior,B,Nearshore,310,148,458,862,490,18,15.0,0,404,872.64,0.0,0.0,669.6
2026-06-30,SKU-1109,Dairy & Frozen,Alberta Cross-Dock 5,Alberta,B,Nearshore,475,359,834,699,452,18,34.7,1,0,0.0,0.0,0.0,1026.0
2026-06-30,SKU-1109,Dairy & Frozen,Ontario Cross-Dock 7,Ontario,B,Nearshore,1395,321,1716,598,357,18,104.5,1,0,0.0,819.0,1769.04,3013.2
2026-06-30,SKU-1109,Dairy & Frozen,Ontario Cold Chain DC 9,Ontario,B,Nearshore,830,201,1031,491,348,18,105.0,1,0,0.0,294.5,636.12,1792.8
2026-06-30,SKU-1109,Dairy & Frozen,Quebec Cross-Dock 10,Quebec,B,Nearshore,380,150,530,575,325,18,27.3,1,45,97.2,0.0,0.0,820.8
2026-06-30,SKU-1110,Home & Kitchen,BC Lower Mainland Ambient DC 2,BC Lower Mainland,A,Offshore,662,405,1067,1229,641,31,34.9,1,162,12451.32,0.0,0.0,50881.32
2026-06-30,SKU-1110,Home & Kitchen,Alberta Ambient DC 6,Alberta,A,Offshore,1,1,2,3,1,31,14.5,0,1,76.86,0.0,0.0,76.86
2026-06-30,SKU-1111,Household Essentials,BC Lower Mainland Cross-Dock 1,BC Lower Mainland,C,Offshore,842,669,1511,1348,733,45,61.6,1,0,0.0,0.0,0.0,6500.24
2026-06-30,SKU-1111,Household Essentials,Alberta Ambient DC 6,Alberta,C,Offshore,385,69,454,377,304,45,240.3,1,0,0.0,0.0,0.0,2972.2
2026-06-30,SKU-1112,Toys & Seasonal,BC Lower Mainland Cross-Dock 1,BC Lower Mainland,B,Offshore,362,158,520,474,361,31,98.9,1,0,0.0,0.0,0.0,17799.54
2026-06-30,SKU-1112,Toys & Seasonal,BC Interior Cross-Dock 4,BC Interior,B,Offshore,381,70,451,540,506,31,347.0,1,89,4376.13,0.0,0.0,18733.77
2026-06-30,SKU-1112,Toys & Seasonal,Ontario Cross-Dock 7,Ontario,B,Offshore,321,128,449,231,214,31,567.1,1,0,0.0,102.5,5039.92,15783.57
2026-06-30,SKU-1113,Electronics,BC Lower Mainland Ambient DC 2,BC Lower Mainland,A,Nearshore,383,149,532,330,246,10,45.8,1,0,0.0,37.0,10527.61,108974.99
2026-06-30,SKU-1113,Electronics,Ontario Ambient DC 8,Ontario,A,Nearshore,156,68,224,223,189,10,45.5,1,0,0.0,0.0,0.0,44386.68
2026-06-30,SKU-1114,Electronics,BC Lower Mainland Ambient DC 2,BC Lower Mainland,A,Offshore,1372,262,1634,1151,777,38,139.5,1,0,0.0,0.0,0.0,210217.84
2026-06-30,SKU-1115,Meat & Seafood,BC Lower Mainland Cross-Dock 1,BC Lower Mainland,A,Nearshore,318,151,469,507,426,11,43.1,1,38,632.7,0.0,0.0,5294.7
2026-06-30,SKU-1115,Meat & Seafood,BC Lower Mainland Cold Chain DC 3,BC Lower Mainland,A,Nearshore,247,137,384,366,313,11,50.8,1,0,0.0,0.0,0.0,4112.55
2026-06-30,SKU-1115,Meat & Seafood,BC Interior Cross-Dock 4,BC Interior,A,Nearshore,560,450,1010,586,459,11,48.3,1,0,0.0,131.0,2181.15,9324.0
2026-06-30,SKU-1115,Meat & Seafood,Alberta Cross-Dock 5,Alberta,A,Nearshore,301,91,392,317,256,11,54.1,1,0,0.0,0.0,0.0,5011.65
2026-06-30,SKU-1115,Meat & Seafood,Ontario Cross-Dock 7,Ontario,A,Nearshore,375,85,460,383,329,11,77.3,1,0,0.0,0.0,0.0,6243.75
2026-06-30,SKU-1115,Meat & Seafood,Ontario Cold Chain DC 9,Ontario,A,Nearshore,694,253,947,426,358,11,113.3,1,0,0.0,308.0,5128.2,11555.1
2026-06-30,SKU-1115,Meat & Seafood,Quebec Cross-Dock 10,Quebec,A,Nearshore,234,108,342,318,237,11,31.5,1,0,0.0,0.0,0.0,3896.1
2026-06-30,SKU-1116,Health & Wellness,BC Lower Mainland Ambient DC 2,BC Lower Mainland,B,Offshore,300,105,405,929,477,31,20.6,0,524,3537.0,0.0,0.0,2025.0
2026-06-30,SKU-1116,Health & Wellness,Ontario Cross-Dock 7,Ontario,B,Offshore,697,179,876,742,504,31,90.9,1,0,0.0,0.0,0.0,4704.75
2026-06-30,SKU-1117,Home & Kitchen,BC Interior Cross-Dock 4,BC Interior,B,Offshore,906,171,1077,1226,535,30,39.3,1,149,2078.55,0.0,0.0,12638.7
2026-06-30,SKU-1117,Home & Kitchen,Alberta Ambient DC 6,Alberta,B,Offshore,574,341,915,449,372,30,222.5,1,0,0.0,241.5,3368.92,8007.3
2026-06-30,SKU-1117,Home & Kitchen,Ontario Cross-Dock 7,Ontario,B,Offshore,334,114,448,377,302,30,134.6,1,0,0.0,0.0,0.0,4659.3
2026-06-30,SKU-1118,Fresh & Produce,BC Lower Mainland Cross-Dock 1,BC Lower Mainland,B,Nearshore,815,181,996,780,518,17,52.9,1,0,0.0,0.0,0.0,1817.45
2026-06-30,SKU-1118,Fresh & Produce,BC Lower Mainland Cold Chain DC 3,BC Lower Mainland,B,Nearshore,478,369,847,638,416,17,36.7,1,0,0.0,0.0,0.0,1065.94
2026-06-30,SKU-1118,Fresh & Produce,BC Interior Cross-Dock 4,BC Interior,B,Nearshore,777,297,1074,1020,542,17,27.7,1,0,0.0,0.0,0.0,1732.71
2026-06-30,SKU-1118,Fresh & Produce,Alberta Cross-Dock 5,Alberta,B,Nearshore,1071,659,1730,690,412,17,65.5,1,0,0.0,695.0,1549.85,2388.33
2026-06-30,SKU-1118,Fresh & Produce,Ontario Cross-Dock 7,Ontario,B,Nearshore,579,241,820,807,514,17,33.6,1,0,0.0,0.0,0.0,1291.17
2026-06-30,SKU-1118,Fresh & Produce,Ontario Cold Chain DC 9,Ontario,B,Nearshore,294,68,362,702,427,17,18.2,1,340,758.2,0.0,0.0,655.62
2026-06-30,SKU-1118,Fresh & Produce,Quebec Cross-Dock 10,Quebec,B,Nearshore,1086,562,1648,717,408,17,59.7,1,0,0.0,572.5,1276.68,2421.78
2026-06-30,SKU-1119,Household Essentials,BC Lower Mainland Ambient DC 2,BC Lower Mainland,C,Offshore,1245,753,1998,2713,932,41,28.7,0,715,1730.3,0.0,0.0,3012.9
2026-06-30,SKU-1120,Grocery,BC Lower Mainland Cross-Dock 1,BC Lower Mainland,C,Offshore,98,72,170,224,218,34,500.0,1,54,429.3,0.0,0.0,779.1
2026-06-30,SKU-1120,Grocery,BC Lower Mainland Ambient DC 2,BC Lower Mainland,C,Offshore,479,194,673,620,449,34,95.2,1,0,0.0,0.0,0.0,3808.05
2026-06-30,SKU-1120,Grocery,Alberta Ambient DC 6,Alberta,C,Offshore,184,106,290,151,131,34,320.0,1,0,0.0,63.5,504.82,1462.8
2026-06-30,SKU-1121,Toys & Seasonal,BC Interior Cross-Dock 4,BC Interior,A,Offshore,323,248,571,657,572,40,150.9,1,86,4091.02,0.0,0.0,15365.11
2026-06-30,SKU-1121,Toys & Seasonal,Ontario Ambient DC 8,Ontario,A,Offshore,650,392,1042,1459,852,40,42.8,1,417,19836.69,0.0,0.0,30920.5
2026-06-30,SKU-1121,Toys & Seasonal,Quebec Cross-Dock 10,Quebec,A,Offshore,401,95,496,507,443,40,249.4,1,11,523.27,0.0,0.0,19075.57
2026-06-30,SKU-1122,Household Essentials,BC Lower Mainland Ambient DC 2,BC Lower Mainland,A,Offshore,1712,767,2479,3555,998,39,26.1,0,1076,12578.44,0.0,0.0,20013.28
2026-06-30,SKU-1122,Household Essentials,Alberta Ambient DC 6,Alberta,A,Offshore,639,492,1131,860,590,39,92.2,1,0,0.0,0.0,0.0,7469.91
2026-06-30,SKU-1123,Electronics,BC Lower Mainland Cross-Dock 1,BC Lower Mainland,A,Offshore,143,46,189,540,456,41,70.2,1,351,50028.03,0.0,0.0,20381.79
2026-06-30,SKU-1123,Electronics,Quebec Cross-Dock 10,Quebec,A,Offshore,1100,311,1411,1658,1124,41,84.6,1,247,35204.91,0.0,0.0,156783.0
2026-06-30,SKU-1124,Home & Kitchen,Alberta Cross-Dock 5,Alberta,A,Offshore,809,195,1004,2733,1009,36,16.9,0,1729,33231.38,0.0,0.0,15548.98
2026-06-30,SKU-1124,Home & Kitchen,Ontario Cross-Dock 7,Ontario,A,Offshore,1348,397,1745,861,474,36,125.2,1,0,0.0,453.5,8716.27,25908.56
2026-06-30,SKU-1124,Home & Kitchen,Quebec Cross-Dock 10,Quebec,A,Offshore,325,143,468,495,350,36,80.6,1,27,518.94,0.0,0.0,6246.5
2026-06-30,SKU-1125,Health & Wellness,BC Interior Cross-Dock 4,BC Interior,B,Nearshore,296,165,461,388,348,11,80.8,1,0,0.0,0.0,0.0,9116.8
2026-06-30,SKU-1125,Health & Wellness,Alberta Cross-Dock 5,Alberta,B,Nearshore,163,96,259,314,243,11,25.2,1,55,1694.0,0.0,0.0,5020.4
2026-06-30,SKU-1125,Health & Wellness,Ontario Ambient DC 8,Ontario,B,Nearshore,75,18,93,170,142,11,29.5,1,77,2371.6,0.0,0.0,2310.0
2026-06-30,SKU-1126,Fresh & Produce,BC Lower Mainland Cross-Dock 1,BC Lower Mainland,C,Nearshore,735,283,1018,466,435,17,398.4,1,0,0.0,319.0,1049.51,2418.15
2026-06-30,SKU-1126,Fresh & Produce,BC Lower Mainland Cold Chain DC 3,BC Lower Mainland,C,Nearshore,920,403,1323,530,474,17,279.7,1,0,0.0,528.0,1737.12,3026.8
2026-06-30,SKU-1126,Fresh & Produce,BC Interior Cross-Dock 4,BC Interior,C,Nearshore,1009,194,1203,514,442,17,240.6,1,0,0.0,432.0,1421.28,3319.61
2026-06-30,SKU-1126,Fresh & Produce,Alberta Cross-Dock 5,Alberta,C,Nearshore,101,37,138,264,236,17,61.1,1,126,414.54,0.0,0.0,332.29
2026-06-30,SKU-1126,Fresh & Produce,Ontario Cross-Dock 7,Ontario,C,Nearshore,304,144,448,396,351,17,116.2,1,0,0.0,0.0,0.0,1000.16
2026-06-30,SKU-1126,Fresh & Produce,Ontario Cold Chain DC 9,Ontario,C,Nearshore,385,276,661,648,618,17,217.1,1,0,0.0,0.0,0.0,1266.65
2026-06-30,SKU-1126,Fresh & Produce,Quebec Cross-Dock 10,Quebec,C,Nearshore,539,197,736,396,351,17,203.6,1,0,0.0,142.0,467.18,1773.31
2026-06-30,SKU-1127,Meat & Seafood,BC Lower Mainland Cross-Dock 1,BC Lower Mainland,B,Nearshore,522,310,832,800,737,16,132.6,1,0,0.0,0.0,0.0,6055.2
2026-06-30,SKU-1127,Meat & Seafood,BC Lower Mainland Cold Chain DC 3,BC Lower Mainland,B,Nearshore,381,91,472,287,246,16,148.3,1,0,0.0,41.5,481.4,4419.6
2026-06-30,SKU-1127,Meat & Seafood,BC Interior Cross-Dock 4,BC Interior,B,Nearshore,273,70,343,335,245,16,48.5,1,0,0.0,0.0,0.0,3166.8
2026-06-30,SKU-1127,Meat & Seafood,Alberta Cross-Dock 5,Alberta,B,Nearshore,372,120,492,270,211,16,101.6,1,0,0.0,87.0,1009.2,4315.2
2026-06-30,SKU-1127,Meat & Seafood,Ontario Cross-Dock 7,Ontario,B,Nearshore,334,183,517,424,339,16,62.5,1,0,0.0,0.0,0.0,3874.4
2026-06-30,SKU-1127,Meat & Seafood,Ontario Cold Chain DC 9,Ontario,B,Nearshore,1012,674,1686,620,575,16,356.3,1,0,0.0,756.0,8769.6,11739.2
2026-06-30,SKU-1127,Meat & Seafood,Quebec Cross-Dock 10,Quebec,B,Nearshore,259,54,313,283,231,16,80.5,1,0,0.0,0.0,0.0,3004.4
2026-06-30,SKU-1128,Grocery,BC Lower Mainland Ambient DC 2,BC Lower Mainland,B,Offshore,728,144,872,989,546,33,54.2,1,117,840.06,0.0,0.0,5227.04
2026-06-30,SKU-1128,Grocery,BC Interior Cross-Dock 4,BC Interior,B,Offshore,453,332,785,881,585,33,50.5,1,96,689.28,0.0,0.0,3252.54
2026-06-30,SKU-1128,Grocery,Alberta Ambient DC 6,Alberta,B,Offshore,560,235,795,808,615,33,95.5,1,13,93.34,0.0,0.0,4020.8
2026-06-30,SKU-1129,Dairy & Frozen,BC Lower Mainland Cross-Dock 1,BC Lower Mainland,C,Nearshore,470,128,598,644,538,19,84.4,1,46,56.12,0.0,0.0,573.4
2026-06-30,SKU-1129,Dairy & Frozen,BC Lower Mainland Cold Chain DC 3,BC Lower Mainland,C,Nearshore,454,267,721,688,457,19,37.4,1,0,0.0,0.0,0.0,553.88
2026-06-30,SKU-1129,Dairy & Frozen,BC Interior Cross-Dock 4,BC Interior,C,Nearshore,736,553,1289,843,555,19,48.5,1,0,0.0,24.5,29.89,897.92
2026-06-30,SKU-1129,Dairy & Frozen,Alberta Cross-Dock 5,Alberta,C,Nearshore,629,480,1109,709,485,19,53.5,1,0,0.0,45.5,55.51,767.38
2026-06-30,SKU-1129,Dairy & Frozen,Ontario Cross-Dock 7,Ontario,C,Nearshore,426,221,647,526,453,19,110.2,1,0,0.0,0.0,0.0,519.72
2026-06-30,SKU-1129,Dairy & Frozen,Ontario Cold Chain DC 9,Ontario,C,Nearshore,482,317,799,676,378,19,30.7,1,0,0.0,0.0,0.0,588.04
2026-06-30,SKU-1129,Dairy & Frozen,Quebec Cross-Dock 10,Quebec,C,Nearshore,377,268,645,521,313,19,34.5,1,0,0.0,0.0,0.0,459.94
2026-06-30,SKU-1130,Fresh & Produce,BC Lower Mainland Cross-Dock 1,BC Lower Mainland,C,Nearshore,225,133,358,357,339,16,192.8,1,0,0.0,0.0,0.0,1507.5
2026-06-30,SKU-1130,Fresh & Produce,BC Lower Mainland Cold Chain DC 3,BC Lower Mainland,C,Nearshore,143,113,256,513,498,16,153.6,1,257,1721.9,0.0,0.0,958.1
2026-06-30,SKU-1130,Fresh & Produce,BC Interior Cross-Dock 4,BC Interior,C,Nearshore,218,65,283,324,297,16,128.9,1,41,274.7,0.0,0.0,1460.6
2026-06-30,SKU-1130,Fresh & Produce,Alberta Cross-Dock 5,Alberta,C,Nearshore,316,88,404,296,274,16,233.0,1,0,0.0,0.0,0.0,2117.2
2026-06-30,SKU-1130,Fresh & Produce,Ontario Cross-Dock 7,Ontario,C,Nearshore,168,51,219,408,382,16,101.9,1,189,1266.3,0.0,0.0,1125.6
2026-06-30,SKU-1130,Fresh & Produce,Ontario Cold Chain DC 9,Ontario,C,Nearshore,169,70,239,227,214,16,201.9,1,0,0.0,0.0,0.0,1132.3
2026-06-30,SKU-1130,Fresh & Produce,Quebec Cross-Dock 10,Quebec,C,Nearshore,65,51,116,268,247,16,49.1,1,152,1018.4,0.0,0.0,435.5
2026-06-30,SKU-1131,Apparel,Alberta Cross-Dock 5,Alberta,A,Offshore,517,163,680,717,633,28,172.2,1,37,1312.02,0.0,0.0,18332.82
2026-06-30,SKU-1131,Apparel,Quebec Cross-Dock 10,Quebec,A,Offshore,823,164,987,1172,583,28,39.1,1,185,6560.1,0.0,0.0,29183.58
2026-06-30,SKU-1132,Grocery,BC Lower Mainland Cross-Dock 1,BC Lower Mainland,C,Offshore,590,222,812,954,692,35,78.9,1,142,602.08,0.0,0.0,2501.6
2026-06-30,SKU-1132,Grocery,BC Interior Cross-Dock 4,BC Interior,C,Offshore,821,384,1205,973,926,35,609.1,1,0,0.0,0.0,0.0,3481.04
2026-06-30,SKU-1132,Grocery,Alberta Ambient DC 6,Alberta,C,Offshore,981,359,1340,558,483,35,453.5,1,0,0.0,503.0,2132.72,4159.44
2026-06-30,SKU-1133,Fresh & Produce,BC Lower Mainland Cross-Dock 1,BC Lower Mainland,B,Nearshore,422,246,668,410,349,10,69.8,1,0,0.0,53.0,352.45,2806.3
2026-06-30,SKU-1133,Fresh & Produce,BC Lower Mainland Cold Chain DC 3,BC Lower Mainland,B,Nearshore,434,87,521,331,265,10,65.0,1,0,0.0,24.5,162.93,2886.1
2026-06-30,SKU-1133,Fresh & Produce,BC Interior Cross-Dock 4,BC Interior,B,Nearshore,249,58,307,401,295,10,23.4,1,94,625.1,0.0,0.0,1655.85
2026-06-30,SKU-1133,Fresh & Produce,Alberta Cross-Dock 5,Alberta,B,Nearshore,628,151,779,427,356,10,87.5,1,0,0.0,138.5,921.03,4176.2
2026-06-30,SKU-1133,Fresh & Produce,Ontario Cross-Dock 7,Ontario,B,Nearshore,357,257,614,560,494,10,54.1,1,0,0.0,0.0,0.0,2374.05
2026-06-30,SKU-1133,Fresh & Produce,Ontario Cold Chain DC 9,Ontario,B,Nearshore,328,127,455,367,300,10,48.5,1,0,0.0,0.0,0.0,2181.2
2026-06-30,SKU-1133,Fresh & Produce,Quebec Cross-Dock 10,Quebec,B,Nearshore,423,87,510,477,376,10,42.0,1,0,0.0,0.0,0.0,2812.95
2026-06-30,SKU-1134,Grocery,BC Interior Cross-Dock 4,BC Interior,B,Offshore,466,110,576,709,439,26,44.9,1,133,1869.98,0.0,0.0,6551.96
2026-06-30,SKU-1134,Grocery,Alberta Cross-Dock 5,Alberta,B,Offshore,885,338,1223,1095,633,26,49.9,1,0,0.0,0.0,0.0,12443.1
2026-06-30,SKU-1135,Fresh & Produce,BC Lower Mainland Cross-Dock 1,BC Lower Mainland,C,Nearshore,126,81,207,225,219,9,219.5,1,18,20.52,0.0,0.0,143.64
2026-06-30,SKU-1135,Fresh & Produce,BC Lower Mainland Cold Chain DC 3,BC Lower Mainland,C,Nearshore,162,61,223,276,270,9,249.6,1,53,60.42,0.0,0.0,184.68
2026-06-30,SKU-1135,Fresh & Produce,BC Interior Cross-Dock 4,BC Interior,C,Nearshore,158,61,219,471,459,9,122.5,1,252,287.28,0.0,0.0,180.12
2026-06-30,SKU-1135,Fresh & Produce,Alberta Cross-Dock 5,Alberta,C,Nearshore,134,74,208,144,135,9,135.6,1,0,0.0,0.0,0.0,152.76
2026-06-30,SKU-1135,Fresh & Produce,Ontario Cross-Dock 7,Ontario,C,Nearshore,154,94,248,193,188,9,298.4,1,0,0.0,0.0,0.0,175.56
2026-06-30,SKU-1135,Fresh & Produce,Ontario Cold Chain DC 9,Ontario,C,Nearshore,333,87,420,223,217,9,541.5,1,0,0.0,85.5,97.47,379.62
2026-06-30,SKU-1135,Fresh & Produce,Quebec Cross-Dock 10,Quebec,C,Nearshore,135,40,175,161,156,9,249.5,1,0,0.0,0.0,0.0,153.9
2026-06-30,SKU-1136,Grocery,BC Lower Mainland Cross-Dock 1,BC Lower Mainland,B,Offshore,1188,923,2111,1357,1021,32,113.0,1,0,0.0,75.5,522.46,8220.96
2026-06-30,SKU-1136,Grocery,BC Interior Cross-Dock 4,BC Interior,B,Offshore,839,324,1163,1172,731,32,60.9,1,9,62.28,0.0,0.0,5805.88
2026-06-30,SKU-1136,Grocery,Ontario Ambient DC 8,Ontario,B,Offshore,392,109,501,816,581,32,53.4,1,315,2179.8,0.0,0.0,2712.64
2026-06-30,SKU-1137,Dairy & Frozen,BC Lower Mainland Cross-Dock 1,BC Lower Mainland,C,Nearshore,259,138,397,298,259,11,71.4,1,0,0.0,0.0,0.0,396.27
2026-06-30,SKU-1137,Dairy & Frozen,BC Lower Mainland Cold Chain DC 3,BC Lower Mainland,C,Nearshore,613,225,838,489,435,11,123.1,1,0,0.0,104.5,159.88,937.89
2026-06-30,SKU-1137,Dairy & Frozen,BC Interior Cross-Dock 4,BC Interior,C,Nearshore,839,359,1198,454,347,11,86.9,1,0,0.0,517.0,791.01,1283.67
2026-06-30,SKU-1137,Dairy & Frozen,Alberta Cross-Dock 5,Alberta,C,Nearshore,143,74,217,251,200,11,31.0,1,34,52.02,0.0,0.0,218.79
2026-06-30,SKU-1137,Dairy & Frozen,Ontario Cross-Dock 7,Ontario,C,Nearshore,278,158,436,443,398,11,68.5,1,7,10.71,0.0,0.0,425.34
2026-06-30,SKU-1137,Dairy & Frozen,Ontario Cold Chain DC 9,Ontario,C,Nearshore,247,182,429,388,325,11,43.7,1,0,0.0,0.0,0.0,377.91
2026-06-30,SKU-1137,Dairy & Frozen,Quebec Cross-Dock 10,Quebec,C,Nearshore,334,272,606,391,332,11,61.6,1,0,0.0,19.5,29.84,511.02
2026-06-30,SKU-1138,Dairy & Frozen,BC Lower Mainland Cross-Dock 1,BC Lower Mainland,C,Nearshore,271,52,323,238,227,11,269.9,1,0,0.0,0.0,0.0,544.71
2026-06-30,SKU-1138,Dairy & Frozen,BC Lower Mainland Cold Chain DC 3,BC Lower Mainland,C,Nearshore,414,96,510,336,314,11,205.3,1,0,0.0,6.0,12.06,832.14
2026-06-30,SKU-1138,Dairy & Frozen,BC Interior Cross-Dock 4,BC Interior,C,Nearshore,391,305,696,279,258,11,213.3,1,0,0.0,277.5,557.78,785.91
2026-06-30,SKU-1138,Dairy & Frozen,Alberta Cross-Dock 5,Alberta,C,Nearshore,118,47,165,170,156,11,94.9,1,5,10.05,0.0,0.0,237.18
2026-06-30,SKU-1138,Dairy & Frozen,Ontario Cross-Dock 7,Ontario,C,Nearshore,217,65,282,193,181,11,195.1,1,0,0.0,0.0,0.0,436.17
2026-06-30,SKU-1138,Dairy & Frozen,Ontario Cold Chain DC 9,Ontario,C,Nearshore,141,106,247,193,182,11,144.6,1,0,0.0,0.0,0.0,283.41
2026-06-30,SKU-1138,Dairy & Frozen,Quebec Cross-Dock 10,Quebec,C,Nearshore,173,123,296,200,185,11,128.2,1,0,0.0,0.0,0.0,347.73
2026-06-30,SKU-1139,Grocery,BC Lower Mainland Cross-Dock 1,BC Lower Mainland,B,Offshore,1369,854,2223,2749,1041,33,26.4,0,526,2824.62,0.0,0.0,7351.53
2026-06-30,SKU-1139,Grocery,Alberta Ambient DC 6,Alberta,B,Offshore,575,154,729,798,682,33,164.4,1,69,370.53,0.0,0.0,3087.75
2026-06-30,SKU-1139,Grocery,Ontario Ambient DC 8,Ontario,B,Offshore,1407,407,1814,2126,941,33,39.2,1,312,1675.44,0.0,0.0,7555.59
2026-06-30,SKU-1140,Health & Wellness,Alberta Cross-Dock 5,Alberta,B,Nearshore,197,122,319,306,251,17,60.0,1,0,0.0,0.0,0.0,4883.63
2026-06-30,SKU-1140,Health & Wellness,Ontario Cross-Dock 7,Ontario,B,Nearshore,879,224,1103,624,418,17,72.4,1,0,0.0,167.0,4139.93,21790.41
2026-06-30,SKU-1140,Health & Wellness,Quebec Cross-Dock 10,Quebec,B,Nearshore,245,54,299,348,300,17,87.6,1,49,1214.71,0.0,0.0,6073.55
2026-06-30,SKU-1141,Meat & Seafood,BC Lower Mainland Cross-Dock 1,BC Lower Mainland,C,Nearshore,540,135,675,385,367,14,413.8,1,0,0.0,97.5,930.15,5151.6
2026-06-30,SKU-1141,Meat & Seafood,BC Lower Mainland Cold Chain DC 3,BC Lower Mainland,C,Nearshore,75,36,111,258,238,14,52.0,1,147,1402.38,0.0,0.0,715.5
2026-06-30,SKU-1141,Meat & Seafood,BC Interior Cross-Dock 4,BC Interior,C,Nearshore,318,164,482,614,569,14,98.3,1,132,1259.28,0.0,0.0,3033.72
2026-06-30,SKU-1141,Meat & Seafood,Alberta Cross-Dock 5,Alberta,C,Nearshore,262,159,421,391,360,14,116.5,1,0,0.0,0.0,0.0,2499.48
2026-06-30,SKU-1141,Meat & Seafood,Ontario Cross-Dock 7,Ontario,C,Nearshore,154,40,194,426,403,14,96.2,1,232,2213.28,0.0,0.0,1469.16
2026-06-30,SKU-1141,Meat & Seafood,Ontario Cold Chain DC 9,Ontario,C,Nearshore,214,54,268,518,483,14,85.2,1,250,2385.0,0.0,0.0,2041.56
2026-06-30,SKU-1141,Meat & Seafood,Quebec Cross-Dock 10,Quebec,C,Nearshore,532,145,677,303,279,14,306.3,1,0,0.0,222.5,2122.65,5075.28
2026-06-30,SKU-1142,Dairy & Frozen,BC Lower Mainland Cross-Dock 1,BC Lower Mainland,C,Nearshore,296,104,400,337,324,17,374.2,1,0,0.0,0.0,0.0,2518.96
2026-06-30,SKU-1142,Dairy & Frozen,BC Lower Mainland Cold Chain DC 3,BC Lower Mainland,C,Nearshore,256,50,306,218,209,17,444.4,1,0,0.0,0.0,0.0,2178.56
2026-06-30,SKU-1142,Dairy & Frozen,BC Interior Cross-Dock 4,BC Interior,C,Nearshore,243,108,351,296,280,17,259.1,1,0,0.0,0.0,0.0,2067.93
2026-06-30,SKU-1142,Dairy & Frozen,Alberta Cross-Dock 5,Alberta,C,Nearshore,244,104,348,275,256,17,214.6,1,0,0.0,0.0,0.0,2076.44
2026-06-30,SKU-1142,Dairy & Frozen,Ontario Cross-Dock 7,Ontario,C,Nearshore,370,261,631,523,505,17,345.5,1,0,0.0,0.0,0.0,3148.7
2026-06-30,SKU-1142,Dairy & Frozen,Ontario Cold Chain DC 9,Ontario,C,Nearshore,205,106,311,286,272,17,246.4,1,0,0.0,0.0,0.0,1744.55
2026-06-30,SKU-1142,Dairy & Frozen,Quebec Cross-Dock 10,Quebec,C,Nearshore,603,280,883,477,453,17,430.1,1,0,0.0,167.5,1425.42,5131.53
2026-06-30,SKU-1143,Meat & Seafood,BC Lower Mainland Cross-Dock 1,BC Lower Mainland,A,Nearshore,236,173,409,418,349,13,44.4,1,9,160.65,0.0,0.0,4212.6
2026-06-30,SKU-1143,Meat & Seafood,BC Lower Mainland Cold Chain DC 3,BC Lower Mainland,A,Nearshore,339,95,434,406,333,13,60.8,1,0,0.0,0.0,0.0,6051.15
2026-06-30,SKU-1143,Meat & Seafood,BC Interior Cross-Dock 4,BC Interior,A,Nearshore,780,236,1016,455,341,13,89.4,1,0,0.0,333.5,5952.98,13923.0
2026-06-30,SKU-1143,Meat & Seafood,Alberta Cross-Dock 5,Alberta,A,Nearshore,479,254,733,347,281,13,94.4,1,0,0.0,212.5,3793.13,8550.15
2026-06-30,SKU-1143,Meat & Seafood,Ontario Cross-Dock 7,Ontario,A,Nearshore,733,452,1185,572,480,13,103.9,1,0,0.0,327.0,5836.95,13084.05
2026-06-30,SKU-1143,Meat & Seafood,Ontario Cold Chain DC 9,Ontario,A,Nearshore,816,271,1087,436,356,13,133.6,1,0,0.0,433.0,7729.05,14565.6
2026-06-30,SKU-1143,Meat & Seafood,Quebec Cross-Dock 10,Quebec,A,Nearshore,393,87,480,386,305,13,63.1,1,0,0.0,0.0,0.0,7015.05
2026-06-30,SKU-1144,Dairy & Frozen,BC Lower Mainland Cross-Dock 1,BC Lower Mainland,C,Nearshore,424,172,596,419,371,17,150.5,1,0,0.0,0.0,0.0,1411.92
2026-06-30,SKU-1144,Dairy & Frozen,BC Lower Mainland Cold Chain DC 3,BC Lower Mainland,C,Nearshore,231,159,390,366,323,17,90.6,1,0,0.0,0.0,0.0,769.23
2026-06-30,SKU-1144,Dairy & Frozen,BC Interior Cross-Dock 4,BC Interior,C,Nearshore,591,313,904,524,444,17,126.4,1,0,0.0,118.0,392.94,1968.03
2026-06-30,SKU-1144,Dairy & Frozen,Alberta Cross-Dock 5,Alberta,C,Nearshore,346,112,458,375,316,17,98.7,1,0,0.0,0.0,0.0,1152.18
2026-06-30,SKU-1144,Dairy & Frozen,Ontario Cross-Dock 7,Ontario,C,Nearshore,202,105,307,313,271,17,82.0,1,6,19.98,0.0,0.0,672.66
2026-06-30,SKU-1144,Dairy & Frozen,Ontario Cold Chain DC 9,Ontario,C,Nearshore,322,164,486,354,311,17,124.9,1,0,0.0,0.0,0.0,1072.26
2026-06-30,SKU-1144,Dairy & Frozen,Quebec Cross-Dock 10,Quebec,C,Nearshore,260,50,310,280,223,17,76.3,1,0,0.0,0.0,0.0,865.8
2026-06-30,SKU-1145,Grocery,BC Lower Mainland Ambient DC 2,BC Lower Mainland,A,Nearshore,848,479,1327,559,375,10,45.9,1,0,0.0,488.5,5485.86,9523.04
2026-06-30,SKU-1145,Grocery,Ontario Ambient DC 8,Ontario,A,Nearshore,1317,809,2126,1788,718,10,12.3,1,0,0.0,0.0,0.0,14789.91
2026-06-30,SKU-1145,Grocery,Quebec Cross-Dock 10,Quebec,A,Nearshore,689,272,961,775,463,10,22.0,1,0,0.0,0.0,0.0,7737.47
2026-06-30,SKU-1146,Fresh & Produce,BC Lower Mainland Cross-Dock 1,BC Lower Mainland,C,Nearshore,456,200,656,455,439,14,389.1,1,0,0.0,0.0,0.0,2567.28
2026-06-30,SKU-1146,Fresh & Produce,BC Lower Mainland Cold Chain DC 3,BC Lower Mainland,C,Nearshore,178,123,301,266,246,14,121.9,1,0,0.0,0.0,0.0,1002.14
2026-06-30,SKU-1146,Fresh & Produce,BC Interior Cross-Dock 4,BC Interior,C,Nearshore,505,286,791,412,375,14,190.9,1,0,0.0,173.0,973.99,2843.15
2026-06-30,SKU-1146,Fresh & Produce,Alberta Cross-Dock 5,Alberta,C,Nearshore,206,115,321,195,175,14,147.0,1,0,0.0,28.5,160.45,1159.78
2026-06-30,SKU-1146,Fresh & Produce,Ontario Cross-Dock 7,Ontario,C,Nearshore,401,89,490,457,432,14,221.5,1,0,0.0,0.0,0.0,2257.63
2026-06-30,SKU-1146,Fresh & Produce,Ontario Cold Chain DC 9,Ontario,C,Nearshore,108,37,145,285,266,14,79.0,1,140,788.2,0.0,0.0,608.04
2026-06-30,SKU-1146,Fresh & Produce,Quebec Cross-Dock 10,Quebec,C,Nearshore,206,148,354,302,275,14,105.7,1,0,0.0,0.0,0.0,1159.78
2026-06-30,SKU-1147,Health & Wellness,BC Lower Mainland Cross-Dock 1,BC Lower Mainland,B,Offshore,197,126,323,531,426,45,84.7,1,208,4222.4,0.0,0.0,3999.1
2026-06-30,SKU-1147,Health & Wellness,BC Interior Cross-Dock 4,BC Interior,B,Offshore,299,76,375,410,376,45,401.3,1,35,710.5,0.0,0.0,6069.7
2026-06-30,SKU-1147,Health & Wellness,Ontario Cross-Dock 7,Ontario,B,Offshore,1247,289,1536,963,597,45,153.6,1,0,0.0,91.5,1857.45,25314.1
2026-06-30,SKU-1148,Grocery,BC Lower Mainland Ambient DC 2,BC Lower Mainland,C,Nearshore,291,99,390,285,256,11,108.6,1,0,0.0,0.0,0.0,2182.5
2026-06-30,SKU-1148,Grocery,BC Interior Cross-Dock 4,BC Interior,C,Nearshore,556,133,689,539,498,11,151.0,1,0,0.0,0.0,0.0,4170.0
2026-06-30,SKU-1148,Grocery,Alberta Ambient DC 6,Alberta,C,Nearshore,227,58,285,341,275,11,38.1,1,56,420.0,0.0,0.0,1702.5
2026-06-30,SKU-1149,Meat & Seafood,BC Lower Mainland Cross-Dock 1,BC Lower Mainland,C,Nearshore,429,138,567,234,227,17,1021.4,1,0,0.0,216.0,4008.96,7962.24
2026-06-30,SKU-1149,Meat & Seafood,BC Lower Mainland Cold Chain DC 3,BC Lower Mainland,C,Nearshore,115,58,173,100,99,17,1036.0,1,0,0.0,23.0,426.88,2134.4
2026-06-30,SKU-1149,Meat & Seafood,BC Interior Cross-Dock 4,BC Interior,C,Nearshore,157,102,259,167,164,17,1039.7,1,0,0.0,8.5,157.76,2913.92
2026-06-30,SKU-1149,Meat & Seafood,Alberta Cross-Dock 5,Alberta,C,Nearshore,0,0,0,0,0,17,0.0,0,0,0.0,0.0,0.0,0.0
2026-06-30,SKU-1149,Meat & Seafood,Ontario Cross-Dock 7,Ontario,C,Nearshore,376,122,498,520,513,17,848.8,1,22,408.32,0.0,0.0,6978.56
2026-06-30,SKU-1149,Meat & Seafood,Ontario Cold Chain DC 9,Ontario,C,Nearshore,388,144,532,433,424,17,762.3,1,0,0.0,0.0,0.0,7201.28
2026-06-30,SKU-1149,Meat & Seafood,Quebec Cross-Dock 10,Quebec,C,Nearshore,133,48,181,175,173,17,956.8,1,0,0.0,0.0,0.0,2468.48
2026-06-30,SKU-1150,Dairy & Frozen,BC Lower Mainland Cross-Dock 1,BC Lower Mainland,B,Nearshore,725,142,867,495,394,12,85.6,1,0,0.0,124.5,374.74,2182.25
2026-06-30,SKU-1150,Dairy & Frozen,BC Lower Mainland Cold Chain DC 3,BC Lower Mainland,B,Nearshore,242,193,435,384,319,12,44.7,1,0,0.0,0.0,0.0,728.42
2026-06-30,SKU-1150,Dairy & Frozen,BC Interior Cross-Dock 4,BC Interior,B,Nearshore,684,144,828,522,383,12,58.9,1,0,0.0,45.0,135.45,2058.84
2026-06-30,SKU-1150,Dairy & Frozen,Alberta Cross-Dock 5,Alberta,B,Nearshore,273,60,333,379,295,12,39.1,1,46,138.46,0.0,0.0,821.73
2026-06-30,SKU-1150,Dairy & Frozen,Ontario Cross-Dock 7,Ontario,B,Nearshore,371,69,440,386,293,12,47.9,1,0,0.0,0.0,0.0,1116.71
2026-06-30,SKU-1150,Dairy & Frozen,Ontario Cold Chain DC 9,Ontario,B,Nearshore,333,268,601,416,322,12,42.7,1,0,0.0,0.0,0.0,1002.33
2026-06-30,SKU-1150,Dairy & Frozen,Quebec Cross-Dock 10,Quebec,B,Nearshore,339,262,601,371,261,12,36.9,1,0,0.0,44.5,133.94,1020.39
