product_id,warehouse_id,abc_class,avg_daily_demand,demand_sigma,lead_days,lead_sigma,sigma_dl,unit_cost,unit_price,replenishment_qty,demand_weight,revenue_weight,z_current,z_ladder,z_optimal_units,z_optimal_revenue
1,1,C,6.497,50.021,12,1.5,173.55166,2.6,3.19,637.98718,0.00153,0.00017,1.645,1.03657,2.62611,1.31629
1,3,C,5.923,68.245,12,1.5,236.5745,2.6,3.19,637.98718,0.0014,0.00015,1.645,1.03657,2.59448,1.2638
1,4,C,13.824,63.678,12,1.5,221.55955,2.6,3.19,637.98718,0.00326,0.00036,1.645,1.03657,2.87354,1.70394
1,5,C,8.049,66.931,12,1.5,232.16993,2.6,3.19,637.98718,0.0019,0.00021,1.645,1.03657,2.69821,1.43316
1,7,C,7.73,54.208,12,1.5,188.13966,2.6,3.19,637.98718,0.00182,0.0002,1.645,1.03657,2.68472,1.41157
1,9,C,7.062,58.047,12,1.5,201.35953,2.6,3.19,637.98718,0.00167,0.00018,1.645,1.03657,2.65437,1.36254
1,10,C,9.389,45.846,12,1.5,159.43843,2.6,3.19,637.98718,0.00221,0.00025,1.645,1.03657,2.74908,1.51353
2,1,C,2.202,28.45,39,7.0,178.33757,4.2,5.8,444.44444,0.00052,0.0001,1.645,1.03657,2.18791,0.94736
2,4,C,0.152,19.242,39,7.0,120.17096,4.2,5.8,444.44444,4e-05,1e-05,1.645,1.03657,0.8416,0.8416
3,1,C,1.475,92.155,10,1.5,291.4281,4.65,6.07,140.34247,0.00035,7e-05,1.645,1.03657,2.43319,1.36809
3,5,C,4.855,49.68,10,1.5,157.27065,4.65,6.07,140.34247,0.00114,0.00024,1.645,1.03657,2.83749,1.94282
3,8,C,1.469,77.675,10,1.5,245.6398,4.65,6.07,140.34247,0.00035,7e-05,1.645,1.03657,2.43171,1.36586
4,2,B,3.396,74.426,16,3.0,297.87828,13.77,21.29,295.28,0.0008,0.00059,1.645,1.39987,2.0486,1.50567
4,5,B,17.035,58.577,16,3.0,239.81651,13.77,21.29,295.28,0.00402,0.00297,1.645,1.39987,2.64895,2.22109
4,8,B,6.012,57.044,16,3.0,228.88771,13.77,21.29,295.28,0.00142,0.00105,1.645,1.39987,2.27547,1.78261
5,2,A,27.542,74.641,41,7.0,515.35615,195.33,218.04,492.09859,0.0065,0.0492,1.645,1.80877,1.56298,2.07904
5,4,A,4.638,72.389,41,7.0,464.65138,195.33,218.04,492.09859,0.00109,0.00829,1.645,1.80877,0.8416,1.21764
5,6,A,3.069,43.289,41,7.0,278.01611,195.33,218.04,492.09859,0.00072,0.00548,1.645,1.80877,0.8416,0.95902
6,1,A,5.877,57.28,44,7.0,382.17319,20.93,31.19,316.96203,0.00139,0.0015,1.645,1.80877,2.07287,1.72213
6,6,A,23.147,67.548,44,7.0,476.45946,20.93,31.19,316.96203,0.00546,0.00592,1.645,1.80877,2.58652,2.29745
6,10,A,2.021,33.263,44,7.0,221.09485,20.93,31.19,316.96203,0.00048,0.00052,1.645,1.80877,1.59354,1.1569
7,4,B,19.317,63.109,45,7.0,444.41843,9.57,11.83,437.58242,0.00456,0.00187,1.645,1.39987,2.68132,2.0231
7,6,B,2.861,28.599,45,7.0,192.8904,9.57,11.83,437.58242,0.00067,0.00028,1.645,1.39987,1.96414,1.05648
7,8,B,14.682,66.869,45,7.0,460.1938,9.57,11.83,437.58242,0.00346,0.00142,1.645,1.39987,2.58818,1.90595
8,4,C,7.325,41.799,33,6.0,244.10605,12.74,17.35,141.8642,0.00173,0.00104,1.645,1.03657,2.63772,2.12702
8,7,C,2.271,32.111,33,6.0,184.96623,12.74,17.35,141.8642,0.00054,0.00032,1.645,1.03657,2.21266,1.60821
8,10,C,0.794,37.244,33,6.0,214.00352,12.74,17.35,141.8642,0.00019,0.00011,1.645,1.03657,1.76836,1.0188
9,2,A,13.15,76.295,16,3.0,307.71925,64.36,97.27,649.44872,0.0031,0.01048,1.645,1.80877,1.60942,1.76962
9,8,A,39.764,72.983,16,3.0,315.36467,64.36,97.27,649.44872,0.00938,0.03169,1.645,1.80877,2.10194,2.23534
9,10,A,4.688,67.319,16,3.0,269.64302,64.36,97.27,649.44872,0.00111,0.00374,1.645,1.80877,1.03299,1.23885
10,4,A,7.613,57.75,38,7.0,359.96153,329.58,360.03,121.40845,0.0018,0.02246,1.645,1.80877,1.34757,2.11646
10,6,A,0.538,40.177,38,7.0,247.69629,329.58,360.03,121.40845,0.00013,0.00159,1.645,1.80877,0.8416,0.8416
10,10,A,0.937,42.967,38,7.0,264.94758,329.58,360.03,121.40845,0.00022,0.00276,1.645,1.80877,0.8416,1.08318
11,1,B,134.184,118.409,9,1.5,408.28697,4.03,5.19,1440.01282,0.03165,0.00571,1.645,1.39987,3.0902,2.33426
11,10,B,0.682,64.315,9,1.5,192.94771,4.03,5.19,1440.01282,0.00016,3e-05,1.645,1.39987,1.06287,0.8416
12,2,C,10.745,51.485,42,7.0,342.0335,2.4,2.81,520.30263,0.00253,0.00025,1.645,1.03657,2.88363,1.65865
12,7,C,36.918,76.358,42,7.0,558.27131,2.4,2.81,520.30263,0.00871,0.00085,1.645,1.03657,3.0902,2.19329
13,1,C,7.445,48.459,10,1.5,153.64719,1.48,1.83,548.83333,0.00176,0.00011,1.645,1.03657,2.90346,1.47542
13,3,C,5.532,64.799,10,1.5,205.08038,1.48,1.83,548.83333,0.0013,8e-05,1.645,1.03657,2.80917,1.31489
13,4,C,8.319,48.913,10,1.5,155.17902,1.48,1.83,548.83333,0.00196,0.00012,1.645,1.03657,2.93804,1.53257
13,5,C,7.485,69.384,10,1.5,219.69855,1.48,1.83,548.83333,0.00177,0.00011,1.645,1.03657,2.90513,1.47821
13,7,C,4.055,51.612,10,1.5,163.32478,1.48,1.83,548.83333,0.00096,6e-05,1.645,1.03657,2.70765,1.13298
13,9,C,9.376,61.496,10,1.5,194.97532,1.48,1.83,548.83333,0.00221,0.00014,1.645,1.03657,2.97493,1.59262
13,10,C,8.883,55.071,10,1.5,174.65879,1.48,1.83,548.83333,0.00209,0.00013,1.645,1.03657,2.95832,1.56569
14,1,C,2.556,166.586,17,3.0,686.89448,2.83,3.89,229.05195,0.0006,8e-05,1.645,1.03657,2.6284,1.42832
14,3,C,1.514,52.487,17,3.0,216.4571,2.83,3.89,229.05195,0.00036,5e-05,1.645,1.03657,2.44505,1.12961
14,4,C,3.239,38.361,17,3.0,158.46466,2.83,3.89,229.05195,0.00076,0.0001,1.645,1.03657,2.70796,1.55102
14,5,C,2.695,45.746,17,3.0,188.78879,2.83,3.89,229.05195,0.00064,9e-05,1.645,1.03657,2.64636,1.45634
14,7,C,2.76,43.793,17,3.0,180.75291,2.83,3.89,229.05195,0.00065,9e-05,1.645,1.03657,2.65441,1.46884
14,9,C,2.297,29.237,17,3.0,120.74404,2.83,3.89,229.05195,0.00054,7e-05,1.645,1.03657,2.59185,1.37068
14,10,C,2.926,34.997,17,3.0,144.56308,2.83,3.89,229.05195,0.00069,9e-05,1.645,1.03657,2.67405,1.49917
15,2,B,24.138,59.934,32,5.0,359.87883,5.32,9.15,501.25676,0.00569,0.00181,1.645,1.39987,2.89954,2.19209
15,4,B,3.532,55.491,32,5.0,314.40087,5.32,9.15,501.25676,0.00083,0.00026,1.645,1.39987,2.23314,1.29912
15,6,B,1.071,69.968,32,5.0,395.835,5.32,9.15,501.25676,0.00025,8e-05,1.645,1.39987,1.72667,0.8416
16,1,C,2.217,53.775,11,1.5,178.3825,1.8,2.51,250.0,0.00052,5e-05,1.645,1.03657,2.70327,1.31049
16,3,C,1.063,32.438,11,1.5,107.59649,1.8,2.51,250.0,0.00025,2e-05,1.645,1.03657,2.44913,0.84819
16,4,C,2.357,106.085,11,1.5,351.8619,1.8,2.51,250.0,0.00056,5e-05,1.645,1.03657,2.72355,1.34463
16,5,C,1.095,36.361,11,1.5,120.60698,1.8,2.51,250.0,0.00026,2e-05,1.645,1.03657,2.45979,0.86918
16,7,C,2.288,48.552,11,1.5,161.06534,1.8,2.51,250.0,0.00054,5e-05,1.645,1.03657,2.71373,1.32813
16,9,C,1.277,54.484,11,1.5,180.71314,1.8,2.51,250.0,0.0003,3e-05,1.645,1.03657,2.51449,0.97429
16,10,C,1.374,24.25,11,1.5,80.45455,1.8,2.51,250.0,0.00032,3e-05,1.645,1.03657,2.5402,1.02234
17,6,A,24.984,61.676,9,1.0,186.70715,33.26,55.85,385.4359,0.00589,0.01143,1.645,1.80877,2.37905,2.29752
17,8,A,7.786,46.209,9,1.0,138.84548,33.26,55.85,385.4359,0.00184,0.00356,1.645,1.80877,1.9134,1.81661
17,10,A,2.094,27.136,9,1.0,81.43493,33.26,55.85,385.4359,0.00049,0.00096,1.645,1.80877,1.2616,1.13211
18,2,B,25.248,72.011,32,5.0,426.46832,8.37,10.24,580.80263,0.00595,0.00212,1.645,1.39987,2.72076,2.01233
18,6,B,13.952,61.697,32,5.0,355.91444,8.37,10.24,580.80263,0.00329,0.00117,1.645,1.39987,2.51847,1.75092
18,10,B,11.277,71.342,32,5.0,407.49118,8.37,10.24,580.80263,0.00266,0.00095,1.645,1.39987,2.44259,1.65008
19,1,A,6.765,63.724,12,1.5,220.97952,16.14,21.28,556.73563,0.0016,0.00118,1.645,1.80877,2.00529,1.45137
19,3,A,7.356,65.858,12,1.5,228.40548,16.14,21.28,556.73563,0.00173,0.00128,1.645,1.80877,2.04029,1.49508
19,4,A,11.204,75.398,12,1.5,261.72647,16.14,21.28,556.73563,0.00264,0.00195,1.645,1.80877,2.20964,1.70302
19,5,A,7.122,56.597,12,1.5,196.3486,16.14,21.28,556.73563,0.00168,0.00124,1.645,1.80877,2.02683,1.47831
19,7,A,8.473,64.569,12,1.5,224.03437,16.14,21.28,556.73563,0.002,0.00148,1.645,1.80877,2.09835,1.56702
19,9,A,5.903,44.394,12,1.5,154.04002,16.14,21.28,556.73563,0.00139,0.00103,1.645,1.80877,1.94735,1.37834
19,10,A,8.748,44.238,12,1.5,153.8057,16.14,21.28,556.73563,0.00206,0.00153,1.645,1.80877,2.1113,1.58297
20,1,C,1.303,51.25,10,1.5,162.07852,7.56,10.23,192.69048,0.00031,0.00011,1.645,1.03657,2.07681,1.13396
20,3,C,1.018,46.45,10,1.5,146.89573,7.56,10.23,192.69048,0.00024,9e-05,1.645,1.03657,1.97378,0.97672
20,4,C,2.329,42.101,10,1.5,133.18088,7.56,10.23,192.69048,0.00055,0.0002,1.645,1.03657,2.30515,1.46223
20,5,C,1.116,79.704,10,1.5,252.05174,7.56,10.23,192.69048,0.00026,9e-05,1.645,1.03657,2.01261,1.03677
20,7,C,2.186,54.126,10,1.5,171.19285,7.56,10.23,192.69048,0.00052,0.00018,1.645,1.03657,2.2811,1.42875
20,9,C,1.699,64.396,10,1.5,203.65398,7.56,10.23,192.69048,0.0004,0.00014,1.645,1.03657,2.18343,1.29028
20,10,C,1.325,38.965,10,1.5,123.23418,7.56,10.23,192.69048,0.00031,0.00011,1.645,1.03657,2.08366,1.14419
21,1,C,0.252,30.389,16,3.0,121.55835,12.85,17.33,156.10145,6e-05,4e-05,1.645,1.03657,1.10476,0.8416
21,3,C,1.057,42.71,16,3.0,170.86943,12.85,17.33,156.10145,0.00025,0.00015,1.645,1.03657,1.85082,1.13273
21,4,C,2.142,67.931,16,3.0,271.79997,12.85,17.33,156.10145,0.00051,0.0003,1.645,1.03657,2.14845,1.52611
21,5,C,0.947,42.201,16,3.0,168.82791,12.85,17.33,156.10145,0.00022,0.00013,1.645,1.03657,1.80132,1.06424
21,7,C,0.874,46.668,16,3.0,186.69041,12.85,17.33,156.10145,0.00021,0.00012,1.645,1.03657,1.76457,1.01269
21,9,C,0.699,21.851,16,3.0,87.42915,12.85,17.33,156.10145,0.00016,0.0001,1.645,1.03657,1.65921,0.86121
21,10,C,1.33,22.793,16,3.0,91.25927,12.85,17.33,156.10145,0.00031,0.00019,1.645,1.03657,1.95132,1.26881
22,1,C,9.354,66.94,12,1.5,232.31107,1.47,1.94,666.13514,0.00221,0.00015,1.645,1.03657,2.91638,1.52683
22,3,C,7.314,71.328,12,1.5,247.33088,1.47,1.94,666.13514,0.00172,0.00012,1.645,1.03657,2.83876,1.39781
22,4,C,11.288,60.145,12,1.5,209.03527,1.47,1.94,666.13514,0.00266,0.00018,1.645,1.03657,2.97452,1.62072
22,5,C,9.628,67.681,12,1.5,234.89824,1.47,1.94,666.13514,0.00227,0.00015,1.645,1.03657,2.92537,1.5415
22,7,C,8.567,55.804,12,1.5,193.73738,1.47,1.94,666.13514,0.00202,0.00014,1.645,1.03657,2.88885,1.48158
22,9,C,5.619,42.141,12,1.5,146.22382,1.47,1.94,666.13514,0.00133,9e-05,1.645,1.03657,2.75356,1.25057
22,10,C,7.599,48.31,12,1.5,167.73848,1.47,1.94,666.13514,0.00179,0.00012,1.645,1.03657,2.85094,1.41835
23,4,C,0.599,120.908,28,4.0,639.78949,7.82,9.23,77.86842,0.00014,5e-05,1.645,1.03657,2.11549,1.12919
23,7,C,1.126,33.299,28,4.0,176.2593,7.82,9.23,77.86842,0.00027,9e-05,1.645,1.03657,2.35962,1.48448
23,10,C,5.543,45.097,28,4.0,239.65872,7.82,9.23,77.86842,0.00131,0.00042,1.645,1.03657,2.9013,2.19772
24,4,C,1.383,55.159,31,5.0,307.19015,19.21,25.11,54.4625,0.00033,0.00028,1.645,1.03657,2.23238,1.80679
24,5,C,2.436,40.077,31,5.0,223.47147,19.21,25.11,54.4625,0.00057,0.0005,1.645,1.03657,2.44393,2.05176
24,8,C,0.9,34.601,31,5.0,192.70276,19.21,25.11,54.4625,0.00021,0.00019,1.645,1.03657,2.06079,1.60366
25,1,C,0.484,32.66,12,1.5,113.13989,6.93,8.82,206.17284,0.00011,3e-05,1.645,1.03657,1.64554,0.8416
25,3,C,1.325,30.494,12,1.5,105.65301,6.93,8.82,206.17284,0.00031,0.0001,1.645,1.03657,2.09157,1.06407
25,4,C,1.317,58.481,12,1.5,202.59376,6.93,8.82,206.17284,0.00031,0.0001,1.645,1.03657,2.0891,1.06022
25,5,C,0.827,19.117,12,1.5,66.23485,6.93,8.82,206.17284,0.0002,6e-05,1.645,1.03657,1.89236,0.8416
25,7,C,0.599,25.343,12,1.5,87.79532,6.93,8.82,206.17284,0.00014,4e-05,1.645,1.03657,1.74671,0.8416
25,9,C,0.514,34.112,12,1.5,118.16995,6.93,8.82,206.17284,0.00012,4e-05,1.645,1.03657,1.67451,0.8416
25,10,C,0.431,14.326,12,1.5,49.63093,6.93,8.82,206.17284,0.0001,3e-05,1.645,1.03657,1.58865,0.8416
26,4,C,11.81,49.869,32,5.0,288.21563,4.44,6.49,500.0,0.00279,0.00063,1.645,1.03657,2.72868,1.82459
26,5,C,0.588,30.071,32,5.0,170.13267,4.44,6.49,500.0,0.00014,3e-05,1.645,1.03657,1.52317,0.8416
26,10,C,1.535,36.384,32,5.0,205.96204,4.44,6.49,500.0,0.00036,8e-05,1.645,1.03657,1.96926,0.8416
27,5,C,3.357,48.18,40,5.0,305.17902,1.17,1.41,266.78205,0.00079,4e-05,1.645,1.03657,2.95317,1.42222
27,7,C,19.025,57.316,40,5.0,374.77156,1.17,1.41,266.78205,0.00449,0.00022,1.645,1.03657,3.0902,2.20658
28,5,A,82.819,110.77,17,3.0,519.9238,31.51,46.78,1087.58824,0.01953,0.03174,1.645,1.80877,2.45733,2.31185
28,7,A,24.465,70.986,17,3.0,301.74498,31.51,46.78,1087.58824,0.00577,0.00938,1.645,1.80877,1.98285,1.80955
28,10,A,5.527,76.356,17,3.0,315.26019,31.51,46.78,1087.58824,0.0013,0.00212,1.645,1.80877,1.25427,1.01214
29,1,A,3.639,60.552,18,3.0,257.13223,16.35,21.86,482.88,0.00086,0.00065,1.645,1.80877,1.79039,1.19209
29,3,A,3.5,36.181,18,3.0,153.86168,16.35,21.86,482.88,0.00083,0.00063,1.645,1.80877,1.77253,1.16879
29,4,A,7.377,73.229,18,3.0,311.47157,16.35,21.86,482.88,0.00174,0.00132,1.645,1.80877,2.09464,1.5759
29,5,A,6.946,69.904,18,3.0,297.30871,16.35,21.86,482.88,0.00164,0.00124,1.645,1.80877,2.07003,1.54566
29,7,A,6.575,93.547,18,3.0,397.37617,16.35,21.86,482.88,0.00155,0.00118,1.645,1.80877,2.0474,1.51774
29,9,A,5.223,82.019,18,3.0,348.32975,16.35,21.86,482.88,0.00123,0.00094,1.645,1.80877,1.95036,1.39673
29,10,A,5.825,47.465,18,3.0,202.13374,16.35,21.86,482.88,0.00137,0.00104,1.645,1.80877,1.99678,1.45489
30,4,A,22.179,66.101,34,5.0,401.06774,22.41,40.19,267.31765,0.00523,0.0073,1.645,1.80877,2.60689,2.41367
30,8,A,4.953,53.817,34,5.0,314.78003,22.41,40.19,267.31765,0.00117,0.00163,1.645,1.80877,2.0444,1.80728
31,1,C,0.314,19.146,12,1.5,66.32536,8.2,11.04,250.0,7e-05,3e-05,1.645,1.03657,1.22428,0.8416
31,3,C,1.005,44.42,12,1.5,153.88278,8.2,11.04,250.0,0.00024,9e-05,1.645,1.03657,1.81841,0.8416
31,4,C,0.59,48.393,12,1.5,167.64061,8.2,11.04,250.0,0.00014,5e-05,1.645,1.03657,1.5652,0.8416
31,5,C,0.385,34.528,12,1.5,119.60989,8.2,11.04,250.0,9e-05,3e-05,1.645,1.03657,1.34039,0.8416
31,7,C,0.579,25.56,12,1.5,88.5467,8.2,11.04,250.0,0.00014,5e-05,1.645,1.03657,1.55574,0.8416
31,9,C,0.704,27.612,12,1.5,95.6566,8.2,11.04,250.0,0.00017,6e-05,1.645,1.03657,1.65215,0.8416
31,10,C,0.363,16.489,12,1.5,57.12217,8.2,11.04,250.0,9e-05,3e-05,1.645,1.03657,1.30752,0.8416
32,4,B,1.754,108.159,43,8.0,709.38479,15.44,20.25,355.30488,0.00041,0.00029,1.645,1.39987,1.61736,0.90976
32,8,B,15.054,54.02,43,8.0,374.14538,15.44,20.25,355.30488,0.00355,0.0025,1.645,1.39987,2.50264,2.03067
32,10,B,3.478,53.074,43,8.0,349.13995,15.44,20.25,355.30488,0.00082,0.00058,1.645,1.39987,1.93202,1.33145
33,1,B,4.276,50.592,12,1.5,175.37316,9.71,13.93,387.38667,0.00101,0.00049,1.645,1.39987,2.1733,1.44522
33,3,B,4.03,63.513,12,1.5,220.09851,9.71,13.93,387.38667,0.00095,0.00046,1.645,1.39987,2.14976,1.41368
33,4,B,7.237,48.997,12,1.5,170.07738,9.71,13.93,387.38667,0.00171,0.00083,1.645,1.39987,2.3743,1.70776
33,5,B,3.715,51.022,12,1.5,176.83322,9.71,13.93,387.38667,0.00088,0.00042,1.645,1.39987,2.1171,1.36962
33,7,B,5.564,59.758,12,1.5,207.17596,9.71,13.93,387.38667,0.00131,0.00064,1.645,1.39987,2.27562,1.58027
33,9,B,3.956,50.748,12,1.5,175.89635,9.71,13.93,387.38667,0.00093,0.00045,1.645,1.39987,2.14236,1.40372
33,10,B,5.254,34.699,12,1.5,120.45894,9.71,13.93,387.38667,0.00124,0.0006,1.645,1.39987,2.25365,1.55153
34,7,B,3.471,72.116,36,6.0,433.1969,14.4,20.84,190.01299,0.00082,0.00059,1.645,1.39987,2.21637,1.70129
34,8,B,8.409,59.82,36,6.0,362.44886,14.4,20.84,190.01299,0.00198,0.00144,1.645,1.39987,2.54248,2.08919
34,10,B,1.305,37.511,36,6.0,225.20216,14.4,20.84,190.01299,0.00031,0.00022,1.645,1.39987,1.80595,1.18398
35,5,C,7.967,65.562,32,5.0,373.00785,3.27,3.95,351.35,0.00188,0.00026,1.645,1.03657,2.81497,1.71802
35,7,C,3.447,62.345,32,5.0,353.09746,3.27,3.95,351.35,0.00081,0.00011,1.645,1.03657,2.53406,1.28644
35,8,C,17.606,109.135,32,5.0,623.60534,3.27,3.95,351.35,0.00415,0.00057,1.645,1.03657,3.0608,2.06607
36,7,B,12.212,52.18,35,6.0,317.27767,17.05,20.91,315.13699,0.00288,0.00209,1.645,1.39987,2.4352,1.96472
37,4,A,52.907,76.802,30,5.0,496.92573,9.15,13.11,681.42308,0.01248,0.00568,1.645,1.80877,2.87923,2.30576
37,5,A,9.778,60.79,30,5.0,336.53076,9.15,13.11,681.42308,0.00231,0.00105,1.645,1.80877,2.29785,1.57917
38,1,A,4.499,43.127,48,8.0,300.95258,41.59,60.67,289.39241,0.00106,0.00224,1.645,1.80877,1.69279,1.62756
38,5,A,17.433,69.828,48,8.0,503.48365,41.59,60.67,289.39241,0.00411,0.00867,1.645,1.80877,2.26758,2.21527
38,7,A,4.419,62.956,48,8.0,437.60227,41.59,60.67,289.39241,0.00104,0.0022,1.645,1.80877,1.68425,1.61878
39,1,B,6.343,70.068,10,1.5,221.77866,5.1,6.25,340.98851,0.0015,0.00032,1.645,1.39987,2.60177,1.63009
39,3,B,3.14,38.992,10,1.5,123.39346,5.1,6.25,340.98851,0.00074,0.00016,1.645,1.39987,2.35077,1.25844
39,4,B,7.108,75.272,10,1.5,238.26963,5.1,6.25,340.98851,0.00168,0.00036,1.645,1.39987,2.64059,1.685
39,5,B,4.678,41.248,10,1.5,130.62624,5.1,6.25,340.98851,0.0011,0.00024,1.645,1.39987,2.49558,1.47664
39,7,B,4.667,41.576,10,1.5,131.6611,5.1,6.25,340.98851,0.0011,0.00024,1.645,1.39987,2.49474,1.47541
39,9,B,4.277,39.695,10,1.5,125.69045,5.1,6.25,340.98851,0.00101,0.00022,1.645,1.39987,2.46362,1.42944
39,10,B,4.19,36.986,10,1.5,117.12875,5.1,6.25,340.98851,0.00099,0.00021,1.645,1.39987,2.45624,1.41848
40,4,C,0.041,0.0,37,5.0,0.205,8.94,11.92,104.11538,1e-05,0.0,1.645,1.03657,0.8416,0.8416
40,5,C,1.922,31.596,37,5.0,192.43108,8.94,11.92,104.11538,0.00045,0.00019,1.645,1.03657,2.40029,1.66722
40,6,C,7.42,39.076,37,5.0,240.56799,8.94,11.92,104.11538,0.00175,0.00072,1.645,1.03657,2.85947,2.24559
41,2,C,8.694,47.11,32,5.0,270.0165,8.86,10.86,166.60256,0.00205,0.00077,1.645,1.03657,2.76209,2.08866
41,4,C,1.686,26.343,32,5.0,149.25676,8.86,10.86,166.60256,0.0004,0.00015,1.645,1.03657,2.17519,1.31223
41,6,C,5.549,68.883,32,5.0,390.6476,8.86,10.86,166.60256,0.00131,0.00049,1.645,1.03657,2.61211,1.89903
42,1,C,0.403,109.058,12,1.5,377.78848,4.12,5.26,490.625,0.0001,2e-05,1.645,1.03657,1.37326,0.8416
42,3,C,0.165,22.38,12,1.5,77.52699,4.12,5.26,490.625,4e-05,1e-05,1.645,1.03657,0.8416,0.8416
42,4,C,0.3,25.249,12,1.5,87.46626,4.12,5.26,490.625,7e-05,1e-05,1.645,1.03657,1.20572,0.8416
42,5,C,0.194,24.726,12,1.5,85.65387,4.12,5.26,490.625,5e-05,1e-05,1.645,1.03657,0.92982,0.8416
42,7,C,0.204,65.761,12,1.5,227.80299,4.12,5.26,490.625,5e-05,1e-05,1.645,1.03657,0.96372,0.8416
42,9,C,0.211,17.341,12,1.5,60.07182,4.12,5.26,490.625,5e-05,1e-05,1.645,1.03657,0.98614,0.8416
42,10,C,0.213,16.563,12,1.5,57.3768,4.12,5.26,490.625,5e-05,1e-05,1.645,1.03657,0.99236,0.8416
43,1,B,2.374,52.905,15,3.0,205.02392,20.64,27.86,213.01429,0.00056,0.00054,1.645,1.39987,1.86168,1.41794
43,3,B,1.307,43.015,15,3.0,166.64251,20.64,27.86,213.01429,0.00031,0.0003,1.645,1.39987,1.58138,1.07197
43,4,B,3.997,61.775,15,3.0,239.55384,20.64,27.86,213.01429,0.00094,0.00091,1.645,1.39987,2.08346,1.68091
43,5,B,2.681,39.535,15,3.0,153.32949,20.64,27.86,213.01429,0.00063,0.00061,1.645,1.39987,1.91514,1.48207
43,7,B,2.69,50.294,15,3.0,194.95492,20.64,27.86,213.01429,0.00063,0.00061,1.645,1.39987,1.9166,1.48381
43,9,B,3.118,38.766,15,3.0,150.43118,20.64,27.86,213.01429,0.00074,0.00071,1.645,1.39987,1.98004,1.55926
43,10,B,1.977,29.446,15,3.0,114.19799,20.64,27.86,213.01429,0.00047,0.00045,1.645,1.39987,1.77907,1.31778
44,1,C,0.709,49.789,8,1.0,140.82634,2.32,3.07,103.78205,0.00017,2e-05,1.645,1.03657,2.5275,1.12653
44,3,C,0.934,43.938,8,1.0,124.27894,2.32,3.07,103.78205,0.00022,2e-05,1.645,1.03657,2.62283,1.28922
44,4,C,1.427,69.298,8,1.0,196.00954,2.32,3.07,103.78205,0.00034,4e-05,1.645,1.03657,2.76412,1.51746
44,5,C,1.406,41.694,8,1.0,117.93682,2.32,3.07,103.78205,0.00033,4e-05,1.645,1.03657,2.75928,1.50985
44,7,C,1.431,33.897,8,1.0,95.88587,2.32,3.07,103.78205,0.00034,4e-05,1.645,1.03657,2.76504,1.51889
44,9,C,1.37,52.712,8,1.0,149.09834,2.32,3.07,103.78205,0.00032,3e-05,1.645,1.03657,2.75079,1.49649
44,10,C,1.381,24.729,8,1.0,69.95781,2.32,3.07,103.78205,0.00033,3e-05,1.645,1.03657,2.75341,1.50062
45,4,A,16.37,71.082,39,5.0,451.38985,195.49,219.89,291.71795,0.00386,0.02949,1.645,1.80877,1.56389,2.08324
45,5,A,1.972,49.669,39,5.0,310.33948,195.49,219.89,291.71795,0.00047,0.00355,1.645,1.80877,0.8416,1.01722
45,7,A,4.334,57.24,39,5.0,358.11992,195.49,219.89,291.71795,0.00102,0.00781,1.645,1.80877,0.8416,1.47349
46,6,B,11.436,45.583,34,6.0,274.50627,19.48,27.73,137.71605,0.0027,0.0026,1.645,1.39987,2.65481,2.32862
46,7,B,2.119,41.493,34,6.0,242.27751,19.48,27.73,137.71605,0.0005,0.00048,1.645,1.39987,2.0254,1.61051
47,2,C,4.01,139.706,40,7.0,884.02408,10.31,14.29,52.32051,0.00095,0.00047,1.645,1.03657,2.83725,2.28828
47,8,C,0.328,86.469,40,7.0,546.88279,10.31,14.29,52.32051,8e-05,4e-05,1.645,1.03657,1.91391,1.10204
48,1,C,5.922,55.185,16,3.0,221.45378,1.59,2.25,476.4026,0.0014,0.00011,1.645,1.03657,2.85329,1.5001
48,3,C,3.236,45.337,16,3.0,181.60766,1.59,2.25,476.4026,0.00076,6e-05,1.645,1.03657,2.65553,1.16388
48,4,C,10.085,64.19,16,3.0,258.53639,1.59,2.25,476.4026,0.00238,0.00019,1.645,1.03657,3.01844,1.75978
48,5,C,3.945,30.11,16,3.0,121.02008,1.59,2.25,476.4026,0.00093,7e-05,1.645,1.03657,2.72167,1.28002
48,7,C,6.402,74.322,16,3.0,297.90775,1.59,2.25,476.4026,0.00151,0.00012,1.645,1.03657,2.87797,1.53995
48,9,C,5.553,53.979,16,3.0,216.55771,1.59,2.25,476.4026,0.00131,0.0001,1.645,1.03657,2.83279,1.46667
48,10,C,5.881,40.399,16,3.0,162.55628,1.59,2.25,476.4026,0.00139,0.00011,1.645,1.03657,2.85109,1.49651
49,5,A,6.108,69.333,11,1.0,230.03265,15.64,26.92,621.66667,0.00144,0.00135,1.645,1.80877,1.92806,1.4797
49,7,A,52.046,94.971,11,1.0,319.25411,15.64,26.92,621.66667,0.01227,0.01148,1.645,1.80877,2.73073,2.40196
50,6,C,1.802,65.784,28,5.0,348.21279,6.36,7.87,67.84615,0.00042,0.00012,1.645,1.03657,2.64786,1.80229
50,8,C,1.211,38.644,28,5.0,204.57445,6.36,7.87,67.84615,0.00029,8e-05,1.645,1.03657,2.51058,1.61462
50,10,C,3.45,55.548,28,5.0,294.43813,6.36,7.87,67.84615,0.00081,0.00022,1.645,1.03657,2.86041,2.08197
51,1,B,4.114,55.018,17,3.0,227.18052,10.36,14.82,397.95062,0.00097,0.0005,1.645,1.39987,2.12126,1.40878
51,3,B,4.332,44.536,17,3.0,184.08595,10.36,14.82,397.95062,0.00102,0.00053,1.645,1.39987,2.142,1.43634
51,4,B,5.051,44.493,17,3.0,184.0741,10.36,14.82,397.95062,0.00119,0.00061,1.645,1.39987,2.20277,1.51638
51,5,B,4.188,37.496,17,3.0,155.10965,10.36,14.82,397.95062,0.00099,0.00051,1.645,1.39987,2.12844,1.41833
51,7,B,3.716,43.744,17,3.0,180.70533,10.36,14.82,397.95062,0.00088,0.00045,1.645,1.39987,2.07995,1.35342
51,9,B,4.595,41.731,17,3.0,172.61264,10.36,14.82,397.95062,0.00108,0.00056,1.645,1.39987,2.16548,1.4674
51,10,B,6.024,42.207,17,3.0,174.95977,10.36,14.82,397.95062,0.00142,0.00073,1.645,1.39987,2.27093,1.60488
52,1,B,2.585,64.222,12,1.5,222.50532,15.85,22.61,281.29268,0.00061,0.00048,1.645,1.39987,1.8931,1.34304
52,3,B,2.533,56.547,12,1.5,195.9214,15.85,22.61,281.29268,0.0006,0.00047,1.645,1.39987,1.88417,1.33176
52,4,B,3.766,62.903,12,1.5,217.9756,15.85,22.61,281.29268,0.00089,0.0007,1.645,1.39987,2.05326,1.54212
52,5,B,2.325,64.946,12,1.5,225.00657,15.85,22.61,281.29268,0.00055,0.00043,1.645,1.39987,1.84616,1.28354
52,7,B,1.799,36.707,12,1.5,127.18541,15.85,22.61,281.29268,0.00042,0.00033,1.645,1.39987,1.72886,1.13214
52,9,B,2.741,69.804,12,1.5,241.8431,15.85,22.61,281.29268,0.00065,0.00051,1.645,1.39987,1.91869,1.37524
52,10,B,3.204,54.657,12,1.5,189.39839,15.85,22.61,281.29268,0.00076,0.00059,1.645,1.39987,1.98565,1.45878
53,2,A,71.724,95.431,40,7.0,785.08299,13.32,16.49,1014.3,0.01692,0.00969,1.645,1.80877,2.728,2.21379
53,4,A,10.125,61.78,40,7.0,397.10704,13.32,16.49,1014.3,0.00239,0.00137,1.645,1.80877,2.00336,1.31012
53,5,A,11.993,66.851,40,7.0,431.05686,13.32,16.49,1014.3,0.00283,0.00162,1.645,1.80877,2.0737,1.40327
54,1,C,3.409,43.597,11,1.5,144.68528,4.67,5.97,335.3662,0.0008,0.00017,1.645,1.03657,2.41952,1.33818
54,4,C,8.27,67.721,11,1.5,224.94745,4.67,5.97,335.3662,0.00195,0.0004,1.645,1.03657,2.72623,1.78327
54,8,C,17.067,72.074,11,1.5,240.40936,4.67,5.97,335.3662,0.00402,0.00083,1.645,1.03657,2.95723,2.09557
55,4,C,5.892,45.007,45,7.0,304.72023,11.43,19.15,90.25,0.00139,0.00092,1.645,1.03657,2.75205,2.29937
55,6,C,1.43,68.828,45,7.0,461.82076,11.43,19.15,90.25,0.00034,0.00022,1.645,1.03657,2.25074,1.70326
55,10,C,0.942,44.784,45,7.0,300.49256,11.43,19.15,90.25,0.00022,0.00015,1.645,1.03657,2.08528,1.49706
56,6,C,4.988,43.108,33,6.0,249.43852,16.2,20.14,80.28,0.00118,0.00082,1.645,1.03657,2.61896,2.16455
56,8,C,2.228,34.707,33,6.0,199.82419,16.2,20.14,80.28,0.00053,0.00037,1.645,1.03657,2.33114,1.82429
57,1,C,1.182,64.763,16,3.0,259.07627,5.44,7.54,125.82192,0.00028,7e-05,1.645,1.03657,2.33413,1.33929
57,3,C,1.069,56.094,16,3.0,224.39892,5.44,7.54,125.82192,0.00025,7e-05,1.645,1.03657,2.29629,1.28283
57,4,C,3.074,62.711,16,3.0,251.01346,5.44,7.54,125.82192,0.00072,0.00019,1.645,1.03657,2.67235,1.81584
57,5,C,1.071,37.87,16,3.0,151.51407,5.44,7.54,125.82192,0.00025,7e-05,1.645,1.03657,2.297,1.28389
57,7,C,1.577,45.377,16,3.0,181.56965,5.44,7.54,125.82192,0.00037,0.0001,1.645,1.03657,2.44012,1.49364
57,9,C,1.852,79.443,16,3.0,317.82057,5.44,7.54,125.82192,0.00044,0.00011,1.645,1.03657,2.49765,1.57531
57,10,C,1.463,31.073,16,3.0,124.36947,5.44,7.54,125.82192,0.00035,9e-05,1.645,1.03657,2.4129,1.45449
58,1,C,0.384,47.518,16,3.0,190.07549,4.77,5.83,40.25352,9e-05,2e-05,1.645,1.03657,2.38856,1.27716
58,3,C,0.746,46.946,16,3.0,187.79734,4.77,5.83,40.25352,0.00018,4e-05,1.645,1.03657,2.62336,1.62696
58,4,C,0.406,18.821,16,3.0,75.29385,4.77,5.83,40.25352,0.0001,2e-05,1.645,1.03657,2.40896,1.30873
58,5,C,0.303,46.414,16,3.0,185.65823,4.77,5.83,40.25352,7e-05,1e-05,1.645,1.03657,2.30021,1.13727
58,7,C,0.347,51.188,16,3.0,204.75465,4.77,5.83,40.25352,8e-05,2e-05,1.645,1.03657,2.3511,1.21849
58,9,C,0.182,14.295,16,3.0,57.18261,4.77,5.83,40.25352,4e-05,1e-05,1.645,1.03657,2.10047,0.8416
58,10,C,0.41,32.174,16,3.0,128.70188,4.77,5.83,40.25352,0.0001,2e-05,1.645,1.03657,2.41254,1.31424
59,1,A,10.859,63.696,19,3.0,279.54908,13.24,16.88,910.7375,0.00256,0.0015,1.645,1.80877,2.07959,1.42352
59,3,A,10.542,62.241,19,3.0,273.13935,13.24,16.88,910.7375,0.00249,0.00146,1.645,1.80877,2.06744,1.40765
59,4,A,17.201,69.779,19,3.0,308.50598,13.24,16.88,910.7375,0.00406,0.00238,1.645,1.80877,2.26174,1.65665
59,5,A,11.971,59.286,19,3.0,260.90517,13.24,16.88,910.7375,0.00282,0.00166,1.645,1.80877,2.1192,1.47495
59,7,A,7.478,83.882,19,3.0,366.32075,13.24,16.88,910.7375,0.00176,0.00103,1.645,1.80877,1.92247,1.21471
59,9,A,17.117,110.852,19,3.0,485.91365,13.24,16.88,910.7375,0.00404,0.00237,1.645,1.80877,2.25986,1.65429
59,10,A,13.405,52.228,19,3.0,231.18123,13.24,16.88,910.7375,0.00316,0.00185,1.645,1.80877,2.16446,1.5332
60,2,A,27.851,66.882,34,6.0,424.27972,18.1,25.74,428.25641,0.00657,0.00587,1.645,1.80877,2.59661,2.23513
60,5,A,11.143,67.092,34,6.0,396.88214,18.1,25.74,428.25641,0.00263,0.00235,1.645,1.80877,2.26469,1.85562
61,1,B,2.269,56.366,12,1.5,195.28721,14.42,20.2,204.96471,0.00054,0.00038,1.645,1.39987,2.01349,1.43413
61,3,B,2.819,76.692,12,1.5,265.70253,14.42,20.2,204.96471,0.00066,0.00047,1.645,1.39987,2.10299,1.54656
61,4,B,5.683,142.807,12,1.5,494.7714,14.42,20.2,204.96471,0.00134,0.00094,1.645,1.39987,2.37408,1.87712
61,5,B,1.491,26.34,12,1.5,91.27184,14.42,20.2,204.96471,0.00035,0.00025,1.645,1.39987,1.8313,1.1988
61,7,B,2.243,44.282,12,1.5,153.43424,14.42,20.2,204.96471,0.00053,0.00037,1.645,1.39987,2.00865,1.428
61,9,B,2.005,44.033,12,1.5,152.56443,14.42,20.2,204.96471,0.00047,0.00033,1.645,1.39987,1.96112,1.36744
61,10,B,3.26,33.341,12,1.5,115.60008,14.42,20.2,204.96471,0.00077,0.00054,1.645,1.39987,2.16134,1.6189
62,2,B,6.146,47.216,42,7.0,309.00424,8.16,10.53,415.91026,0.00145,0.00053,1.645,1.39987,2.35187,1.54135
62,7,B,31.854,65.902,42,7.0,481.79693,8.16,10.53,415.91026,0.00751,0.00275,1.645,1.39987,2.91088,2.26072
63,7,C,2.16,47.078,10,1.0,148.88938,6.78,9.2,500.0,0.00051,0.00016,1.645,1.03657,1.93419,0.8416
63,8,C,9.054,40.622,10,1.0,128.77672,6.78,9.2,500.0,0.00214,0.00068,1.645,1.03657,2.49303,1.66639
63,10,C,0.314,27.238,10,1.0,86.13469,6.78,9.2,500.0,7e-05,2e-05,1.645,1.03657,0.90549,0.8416
64,1,C,1.339,32.25,16,3.0,129.06253,4.11,5.81,242.17143,0.00032,6e-05,1.645,1.03657,2.23917,1.03504
64,3,C,1.12,56.173,16,3.0,224.71712,4.11,5.81,242.17143,0.00026,5e-05,1.645,1.03657,2.16927,0.91644
64,4,C,2.422,71.814,16,3.0,287.34788,4.11,5.81,242.17143,0.00057,0.00012,1.645,1.03657,2.4598,1.38447
64,5,C,1.474,50.343,16,3.0,201.42055,4.11,5.81,242.17143,0.00035,7e-05,1.645,1.03657,2.27607,1.09592
64,7,C,0.62,32.271,16,3.0,129.0974,4.11,5.81,242.17143,0.00015,3e-05,1.645,1.03657,1.92439,0.8416
64,9,C,1.974,71.652,16,3.0,286.66917,4.11,5.81,242.17143,0.00047,9e-05,1.645,1.03657,2.38549,1.27042
64,10,C,1.131,31.732,16,3.0,126.97334,4.11,5.81,242.17143,0.00027,5e-05,1.645,1.03657,2.17314,0.92313
65,1,A,7.385,58.37,19,3.0,255.39171,14.95,18.87,522.04054,0.00174,0.00114,1.645,1.80877,2.09977,1.5078
65,3,A,5.039,57.897,19,3.0,252.81953,14.95,18.87,522.04054,0.00119,0.00078,1.645,1.80877,1.93989,1.30212
65,4,A,10.103,60.013,19,3.0,263.34061,14.95,18.87,522.04054,0.00238,0.00156,1.645,1.80877,2.22425,1.66356
65,5,A,6.383,50.771,19,3.0,222.13257,14.95,18.87,522.04054,0.00151,0.00099,1.645,1.80877,2.03989,1.43158
65,7,A,5.364,49.944,19,3.0,218.29478,14.95,18.87,522.04054,0.00127,0.00083,1.645,1.80877,1.9667,1.3371
65,9,A,7.196,42.265,19,3.0,185.4894,14.95,18.87,522.04054,0.0017,0.00111,1.645,1.80877,2.08922,1.49443
65,10,A,6.987,41.924,19,3.0,183.94069,14.95,18.87,522.04054,0.00165,0.00108,1.645,1.80877,2.07718,1.47914
66,4,A,0.42,70.402,12,1.5,243.8805,33.53,38.33,499.07792,0.0001,0.00013,1.645,1.80877,0.8416,0.8416
66,6,A,23.336,68.794,12,1.5,240.86646,33.53,38.33,499.07792,0.0055,0.00733,1.645,1.80877,2.25303,2.01444
66,10,A,0.956,25.226,12,1.5,87.39719,33.53,38.33,499.07792,0.00023,0.0003,1.645,1.80877,0.8416,0.8416
67,4,C,29.343,82.964,32,5.0,491.71343,1.52,1.89,515.825,0.00692,0.00045,1.645,1.03657,3.0902,2.12939
67,7,C,10.615,63.251,32,5.0,361.71675,1.52,1.89,515.825,0.0025,0.00016,1.645,1.03657,3.02351,1.68579
67,8,C,7.935,78.895,32,5.0,448.05756,1.52,1.89,515.825,0.00187,0.00012,1.645,1.03657,2.93435,1.54291
68,1,C,4.904,64.428,30,4.0,353.43147,6.79,8.93,229.11538,0.00116,0.00036,1.645,1.03657,2.55134,1.73085
68,5,C,8.501,57.616,30,4.0,317.40255,6.79,8.93,229.11538,0.002,0.00062,1.645,1.03657,2.73752,1.97599
68,8,C,7.858,64.706,30,4.0,355.80045,6.79,8.93,229.11538,0.00185,0.00057,1.645,1.03657,2.71155,1.94233
69,1,A,27.227,59.033,33,6.0,376.41557,21.85,37.41,348.85714,0.00642,0.00835,1.645,1.80877,2.59459,2.37422
69,4,A,4.986,68.678,33,6.0,395.65768,21.85,37.41,348.85714,0.00118,0.00153,1.645,1.80877,1.9455,1.66441
70,1,C,0.137,13.051,19,3.0,56.88947,8.15,10.81,185.06494,3e-05,1e-05,1.645,1.03657,0.89195,0.8416
70,3,C,0.568,60.71,19,3.0,264.63424,8.15,10.81,185.06494,0.00013,5e-05,1.645,1.03657,1.69632,0.8416
70,4,C,0.107,15.556,19,3.0,67.80779,8.15,10.81,185.06494,3e-05,1e-05,1.645,1.03657,0.8416,0.8416
70,5,C,0.119,14.569,19,3.0,63.5058,8.15,10.81,185.06494,3e-05,1e-05,1.645,1.03657,0.8416,0.8416
70,7,C,0.233,55.94,19,3.0,243.83781,8.15,10.81,185.06494,5e-05,2e-05,1.645,1.03657,1.22926,0.8416
70,9,C,0.189,0.0,19,3.0,0.567,8.15,10.81,185.06494,4e-05,2e-05,1.645,1.03657,1.10317,0.8416
70,10,C,0.261,110.309,19,3.0,480.82642,8.15,10.81,185.06494,6e-05,2e-05,1.645,1.03657,1.29453,0.8416
71,1,B,0.413,24.053,35,6.0,142.32104,36.13,59.02,500.0,0.0001,0.0002,1.645,1.39987,0.8416,0.8416
71,10,B,6.063,53.414,35,6.0,318.08851,36.13,59.02,500.0,0.00143,0.00293,1.645,1.39987,1.64103,1.56054
72,1,C,2.17,39.026,18,3.0,165.70123,5.97,7.31,217.4375,0.00051,0.00013,1.645,1.03657,2.32195,1.3038
72,3,C,2.294,59.427,18,3.0,252.22132,5.97,7.31,217.4375,0.00054,0.00014,1.645,1.03657,2.34276,1.33491
72,4,C,3.82,55.416,18,3.0,235.38931,5.97,7.31,217.4375,0.0009,0.00023,1.645,1.03657,2.52728,1.60162
72,5,C,3.236,31.868,18,3.0,135.55255,5.97,7.31,217.4375,0.00076,0.00019,1.645,1.03657,2.46846,1.51824
72,7,C,1.534,33.06,18,3.0,140.33718,5.97,7.31,217.4375,0.00036,9e-05,1.645,1.03657,2.18861,1.0984
72,9,C,3.292,73.794,18,3.0,313.23715,5.97,7.31,217.4375,0.00078,0.0002,1.645,1.03657,2.47459,1.527
72,10,C,3.619,43.407,18,3.0,184.48006,5.97,7.31,217.4375,0.00085,0.00022,1.645,1.03657,2.50824,1.57478
73,1,C,1.463,29.087,11,1.5,96.49562,6.99,8.65,231.57971,0.00035,0.0001,1.645,1.03657,2.08106,1.03518
73,3,C,1.043,57.551,11,1.5,190.88148,6.99,8.65,231.57971,0.00025,7e-05,1.645,1.03657,1.93901,0.8416
73,4,C,2.211,49.383,11,1.5,163.81846,6.99,8.65,231.57971,0.00052,0.00016,1.645,1.03657,2.24503,1.28471
73,5,C,1.576,37.529,11,1.5,124.49206,6.99,8.65,231.57971,0.00037,0.00011,1.645,1.03657,2.11132,1.08249
73,7,C,2.559,88.931,11,1.5,294.97574,6.99,8.65,231.57971,0.0006,0.00018,1.645,1.03657,2.30088,1.36629
73,9,C,1.82,58.347,11,1.5,193.53436,6.99,8.65,231.57971,0.00043,0.00013,1.645,1.03657,2.16895,1.17094
73,10,C,1.812,27.071,11,1.5,89.82548,6.99,8.65,231.57971,0.00043,0.00013,1.645,1.03657,2.1672,1.16829
74,1,C,1.431,50.568,17,3.0,208.5414,5.66,7.12,204.5493,0.00034,8e-05,1.645,1.03657,2.20623,1.10995
74,3,C,1.288,51.906,17,3.0,214.0488,5.66,7.12,204.5493,0.0003,8e-05,1.645,1.03657,2.16475,1.04361
74,4,C,2.163,43.751,17,3.0,180.50667,5.66,7.12,204.5493,0.00051,0.00013,1.645,1.03657,2.36344,1.35112
74,5,C,2.307,69.722,17,3.0,287.55447,5.66,7.12,204.5493,0.00054,0.00013,1.645,1.03657,2.38723,1.38638
74,7,C,2.077,45.633,17,3.0,188.25283,5.66,7.12,204.5493,0.00049,0.00012,1.645,1.03657,2.34837,1.32863
74,9,C,1.656,58.928,17,3.0,243.01715,5.66,7.12,204.5493,0.00039,0.0001,1.645,1.03657,2.26278,1.19845
74,10,C,1.925,33.929,17,3.0,140.012,5.66,7.12,204.5493,0.00045,0.00011,1.645,1.03657,2.31993,1.28584
75,1,B,2.306,31.27,10,1.5,98.9449,9.02,11.77,181.48837,0.00054,0.00022,1.645,1.39987,2.2569,1.46937
75,3,B,1.841,57.604,10,1.5,182.18077,9.02,11.77,181.48837,0.00043,0.00018,1.645,1.39987,2.16904,1.34839
75,4,B,3.449,35.221,10,1.5,111.49867,9.02,11.77,181.48837,0.00081,0.00033,1.645,1.39987,2.40765,1.67079
75,5,B,2.88,67.087,10,1.5,212.1917,9.02,11.77,181.48837,0.00068,0.00028,1.645,1.39987,2.34108,1.58272
75,7,B,4.356,61.528,10,1.5,194.6783,9.02,11.77,181.48837,0.00103,0.00042,1.645,1.39987,2.49172,1.78027
75,9,B,0.749,26.483,10,1.5,83.75414,9.02,11.77,181.48837,0.00018,7e-05,1.645,1.39987,1.78702,0.8416
75,10,B,1.844,26.717,10,1.5,84.53184,9.02,11.77,181.48837,0.00043,0.00018,1.645,1.39987,2.16969,1.34929
76,1,B,8.981,63.318,17,3.0,262.45343,33.37,51.61,212.18667,0.00212,0.0038,1.645,1.39987,2.21632,2.09808
76,6,B,0.176,13.238,17,3.0,54.58423,33.37,51.61,212.18667,4e-05,7e-05,1.645,1.39987,0.8416,0.8416
77,4,B,30.243,75.954,34,6.0,478.61608,10.72,13.07,490.05195,0.00713,0.00324,1.645,1.39987,2.75462,2.15412
77,7,B,14.301,67.727,34,6.0,404.12727,10.72,13.07,490.05195,0.00337,0.00153,1.645,1.39987,2.4998,1.83811
77,10,B,1.796,30.933,34,6.0,180.69045,10.72,13.07,490.05195,0.00042,0.00019,1.645,1.39987,1.64998,0.8416
78,1,C,1.342,52.978,14,1.5,198.23575,9.55,12.8,480.33333,0.00032,0.00014,1.645,1.03657,1.57339,0.8416
78,3,C,1.118,38.111,14,1.5,142.60817,9.55,12.8,480.33333,0.00026,0.00012,1.645,1.03657,1.48029,0.8416
78,4,C,3.131,102.664,14,1.5,384.16222,9.55,12.8,480.33333,0.00074,0.00033,1.645,1.03657,1.96374,1.10544
78,5,C,0.971,33.351,14,1.5,124.79652,9.55,12.8,480.33333,0.00023,0.0001,1.645,1.03657,1.40572,0.8416
78,7,C,1.702,44.425,14,1.5,166.24273,9.55,12.8,480.33333,0.0004,0.00018,1.645,1.03657,1.68925,0.8416
78,9,C,1.535,50.248,14,1.5,188.0249,9.55,12.8,480.33333,0.00036,0.00016,1.645,1.03657,1.63959,0.8416
78,10,C,1.671,56.102,14,1.5,209.92943,9.55,12.8,480.33333,0.00039,0.00018,1.645,1.03657,1.68049,0.8416
79,2,C,9.736,49.646,45,8.0,342.02219,2.96,4.01,265.8,0.0023,0.00032,1.645,1.03657,2.99621,1.9831
79,4,C,1.357,40.22,45,8.0,270.02228,2.96,4.01,265.8,0.00032,4e-05,1.645,1.03657,2.33368,0.95464
79,7,C,2.238,25.576,45,8.0,172.50068,2.96,4.01,265.8,0.00053,7e-05,1.645,1.03657,2.51533,1.26461
80,1,B,3.386,57.667,12,1.5,199.8289,14.84,18.45,203.88462,0.0008,0.00051,1.645,1.39987,2.1671,1.58129
80,3,B,1.129,34.828,12,1.5,120.65962,14.84,18.45,203.88462,0.00027,0.00017,1.645,1.39987,1.69195,0.95153
80,4,B,3.372,63.216,12,1.5,219.04505,14.84,18.45,203.88462,0.0008,0.00051,1.645,1.39987,2.16545,1.57923
80,5,B,2.409,38.959,12,1.5,135.0063,14.84,18.45,203.88462,0.00057,0.00036,1.645,1.39987,2.02872,1.40517
80,7,B,2.601,46.679,12,1.5,161.74786,14.84,18.45,203.88462,0.00061,0.00039,1.645,1.39987,2.06051,1.44606
80,9,B,2.448,39.49,12,1.5,136.84665,14.84,18.45,203.88462,0.00058,0.00037,1.645,1.39987,2.03541,1.4138
80,10,B,2.561,39.966,12,1.5,138.49957,14.84,18.45,203.88462,0.0006,0.00039,1.645,1.39987,2.05411,1.43786
81,1,C,4.097,42.624,31,5.0,238.20286,11.41,14.67,454.02299,0.00097,0.00049,1.645,1.03657,2.02592,1.27434
81,5,C,1.049,36.268,31,5.0,201.99978,11.41,14.67,454.02299,0.00025,0.00013,1.645,1.03657,1.38173,0.8416
81,8,C,1.147,59.704,31,5.0,332.46727,11.41,14.67,454.02299,0.00027,0.00014,1.645,1.03657,1.42978,0.8416
82,1,B,2.103,50.953,16,3.0,203.90962,18.63,24.06,358.81944,0.0005,0.00041,1.645,1.39987,1.60941,1.01426
82,3,B,2.203,43.914,16,3.0,175.78029,18.63,24.06,358.81944,0.00052,0.00043,1.645,1.39987,1.63216,1.04426
82,4,B,5.629,88.948,16,3.0,356.19253,18.63,24.06,358.81944,0.00133,0.00111,1.645,1.39987,2.05197,1.57184
82,5,B,2.928,59.038,16,3.0,236.31531,18.63,24.06,358.81944,0.00069,0.00058,1.645,1.39987,1.76699,1.21863
82,7,B,2.197,34.111,16,3.0,136.6031,18.63,24.06,358.81944,0.00052,0.00043,1.645,1.39987,1.63083,1.04251
82,9,B,3.476,50.538,16,3.0,202.42079,18.63,24.06,358.81944,0.00082,0.00069,1.645,1.39987,1.84488,1.31703
82,10,B,3.46,46.021,16,3.0,184.37642,18.63,24.06,358.81944,0.00082,0.00068,1.645,1.39987,1.84282,1.31444
83,4,A,30.894,66.346,40,7.0,472.05846,13.67,23.64,384.9375,0.00729,0.00598,1.645,1.80877,2.76104,2.3882
83,6,A,1.864,45.542,40,7.0,288.32829,13.67,23.64,384.9375,0.00044,0.00036,1.645,1.80877,1.6671,1.07893
83,10,A,3.598,41.506,40,7.0,263.71245,13.67,23.64,384.9375,0.00085,0.0007,1.645,1.80877,1.96449,1.45605
84,2,C,0.458,78.158,10,1.5,247.15825,17.51,22.76,61.20513,0.00011,9e-05,1.645,1.03657,1.75561,1.17101
84,8,C,5.005,57.125,10,1.5,180.80105,17.51,22.76,61.20513,0.00118,0.00093,1.645,1.03657,2.68544,2.28851
85,1,A,9.812,54.919,36,6.0,334.73182,244.32,275.34,155.79762,0.00231,0.02214,1.645,1.80877,1.50927,2.13076
85,4,A,2.36,41.61,36,6.0,250.06123,244.32,275.34,155.79762,0.00056,0.00532,1.645,1.80877,0.8416,1.48458
85,8,A,3.075,44.055,36,6.0,264.97311,244.32,275.34,155.79762,0.00073,0.00694,1.645,1.80877,0.8416,1.61807
86,4,A,0.495,19.985,42,7.0,129.56394,48.57,77.6,422.90667,0.00012,0.00031,1.645,1.80877,0.8416,0.8416
86,8,A,34.368,97.994,42,7.0,679.1137,48.57,77.6,422.90667,0.00811,0.02185,1.645,1.80877,2.32229,2.36359
87,2,C,5.934,60.666,44,7.0,404.55086,6.1,6.95,332.43478,0.0014,0.00034,1.645,1.03657,2.5253,1.57375
87,6,C,12.461,71.587,44,7.0,482.79943,6.1,6.95,332.43478,0.00294,0.00071,1.645,1.03657,2.7759,1.91869
87,7,C,8.501,50.594,44,7.0,340.83751,6.1,6.95,332.43478,0.002,0.00048,1.645,1.03657,2.64916,1.7469
88,6,A,18.795,70.251,44,7.0,484.20892,228.77,264.35,221.075,0.00443,0.04071,1.645,1.80877,1.69001,2.25841
88,8,A,2.258,25.62,44,7.0,170.67731,228.77,264.35,221.075,0.00053,0.00489,1.645,1.80877,0.8416,1.2841
89,1,B,3.675,79.028,13,1.5,284.99282,19.65,26.36,317.73171,0.00087,0.00079,1.645,1.39987,1.89973,1.43443
89,3,B,3.46,46.808,13,1.5,168.84843,19.65,26.36,317.73171,0.00082,0.00075,1.645,1.39987,1.8732,1.40218
89,4,B,6.376,60.004,13,1.5,216.55879,19.65,26.36,317.73171,0.0015,0.00138,1.645,1.39987,2.13058,1.70985
89,5,B,4.232,62.118,13,1.5,224.05958,19.65,26.36,317.73171,0.001,0.00091,1.645,1.39987,1.96078,1.50814
89,7,B,3.33,51.85,13,1.5,187.01455,19.65,26.36,317.73171,0.00079,0.00072,1.645,1.39987,1.85621,1.38145
89,9,B,3.938,56.816,13,1.5,204.93815,19.65,26.36,317.73171,0.00093,0.00085,1.645,1.39987,1.9298,1.47083
89,10,B,5.866,46.795,13,1.5,168.95105,19.65,26.36,317.73171,0.00138,0.00127,1.645,1.39987,2.09688,1.67019
90,5,A,12.365,56.664,37,6.0,352.56784,86.48,142.51,150.42857,0.00292,0.01444,1.645,1.80877,2.10159,2.37924
90,10,A,1.155,36.702,37,6.0,223.35708,86.48,142.51,150.42857,0.00027,0.00135,1.645,1.80877,0.87604,1.32333
91,6,A,70.142,150.698,35,6.0,985.88156,14.18,22.09,898.92537,0.01654,0.0127,1.645,1.80877,2.73981,2.33907
92,1,C,3.261,83.388,17,3.0,343.95669,5.95,7.68,500.0,0.00077,0.00021,1.645,1.03657,2.15886,1.08225
92,3,C,2.357,131.219,17,3.0,541.076,5.95,7.68,500.0,0.00056,0.00015,1.645,1.03657,2.02666,0.86652
92,4,C,4.167,50.065,17,3.0,206.80147,5.95,7.68,500.0,0.00098,0.00026,1.645,1.03657,2.25472,1.23066
92,5,C,3.976,73.743,17,3.0,304.28406,5.95,7.68,500.0,0.00094,0.00025,1.645,1.03657,2.23662,1.20308
92,7,C,1.807,30.606,17,3.0,126.30816,5.95,7.68,500.0,0.00043,0.00011,1.645,1.03657,1.91343,0.8416
92,9,C,2.717,56.609,17,3.0,233.54717,5.95,7.68,500.0,0.00064,0.00017,1.645,1.03657,2.08533,0.96403
92,10,C,3.967,34.412,17,3.0,142.38255,5.95,7.68,500.0,0.00094,0.00025,1.645,1.03657,2.23575,1.20174
93,1,C,1.685,64.245,16,3.0,257.02971,7.55,10.66,124.94872,0.0004,0.00015,1.645,1.03657,2.34674,1.54059
93,3,C,1.197,111.435,16,3.0,445.75446,7.55,10.66,124.94872,0.00028,0.0001,1.645,1.03657,2.21647,1.36031
93,4,C,3.321,71.776,16,3.0,287.27681,7.55,10.66,124.94872,0.00078,0.00029,1.645,1.03657,2.58959,1.86189
93,5,C,1.035,31.688,16,3.0,126.79003,7.55,10.66,124.94872,0.00024,9e-05,1.645,1.03657,2.15923,1.27892
93,7,C,2.199,58.991,16,3.0,236.0562,7.55,10.66,124.94872,0.00052,0.00019,1.645,1.03657,2.44434,1.67177
93,9,C,1.225,28.738,16,3.0,115.01073,7.55,10.66,124.94872,0.00029,0.00011,1.645,1.03657,2.22546,1.37297
93,10,C,1.026,18.473,16,3.0,73.95608,7.55,10.66,124.94872,0.00024,9e-05,1.645,1.03657,2.15575,1.27393
94,1,C,0.296,32.042,10,1.5,101.32667,3.61,4.88,500.0,7e-05,1e-05,1.645,1.03657,1.26386,0.8416
94,3,C,0.465,50.781,10,1.5,160.58514,3.61,4.88,500.0,0.00011,2e-05,1.645,1.03657,1.50896,0.8416
94,4,C,0.978,70.61,10,1.5,223.29324,3.61,4.88,500.0,0.00023,4e-05,1.645,1.03657,1.86322,0.8416
94,5,C,0.708,37.122,10,1.5,117.39488,3.61,4.88,500.0,0.00017,3e-05,1.645,1.03657,1.71557,0.8416
94,7,C,0.668,32.892,10,1.5,104.01846,3.61,4.88,500.0,0.00016,3e-05,1.645,1.03657,1.68803,0.8416
94,9,C,0.429,34.203,10,1.5,108.1613,3.61,4.88,500.0,0.0001,2e-05,1.645,1.03657,1.46718,0.8416
94,10,C,1.852,63.059,10,1.5,199.42942,3.61,4.88,500.0,0.00044,7e-05,1.645,1.03657,2.13246,0.8416
95,8,A,14.069,63.689,38,5.0,398.85761,35.39,55.06,176.39726,0.00332,0.00635,1.645,1.80877,2.43214,2.34676
95,10,A,1.539,40.933,38,5.0,252.44526,35.39,55.06,176.39726,0.00036,0.00069,1.645,1.80877,1.48624,1.36224
96,1,A,7.329,67.038,42,7.0,437.47448,249.23,292.01,555.79268,0.00173,0.01753,1.645,1.80877,0.8416,1.43216
96,7,A,43.943,81.706,42,7.0,612.37646,249.23,292.01,555.79268,0.01036,0.10513,1.645,1.80877,1.61351,2.23576
96,10,A,1.408,21.749,42,7.0,141.2938,249.23,292.01,555.79268,0.00033,0.00337,1.645,1.80877,0.8416,0.8416
97,4,B,4.938,70.509,33,6.0,406.12553,14.73,21.86,469.44928,0.00116,0.00088,1.645,1.39987,1.98297,1.43764
97,7,B,32.337,110.671,33,6.0,664.70358,14.73,21.86,469.44928,0.00763,0.00579,1.645,1.39987,2.68589,2.27364
98,2,C,1.506,38.225,31,5.0,212.96096,9.61,11.38,62.12329,0.00036,0.00014,1.645,1.03657,2.4727,1.74
98,6,C,0.446,25.501,31,5.0,142.00107,9.61,11.38,62.12329,0.00011,4e-05,1.645,1.03657,2.00204,1.08842
98,8,C,1.912,30.726,31,5.0,171.34203,9.61,11.38,62.12329,0.00045,0.00018,1.645,1.03657,2.55686,1.84887
99,6,C,2.479,46.45,34,6.0,271.25582,5.36,6.64,97.46667,0.00058,0.00013,1.645,1.03657,2.69077,1.78303
99,8,C,3.554,45.222,34,6.0,264.54812,5.36,6.64,97.46667,0.00084,0.00019,1.645,1.03657,2.80881,1.94295
100,2,B,6.766,60.013,38,6.0,372.16572,6.11,7.03,307.39241,0.0016,0.00039,1.645,1.39987,2.59751,1.68086
100,5,B,4.918,49.125,38,6.0,304.2611,6.11,7.03,307.39241,0.00116,0.00028,1.645,1.39987,2.48601,1.52341
100,7,B,15.188,60.992,38,6.0,386.8659,6.11,7.03,307.39241,0.00358,0.00087,1.645,1.39987,2.86401,2.04014
101,4,B,1.899,86.506,38,5.0,533.34332,13.25,17.46,236.91667,0.00045,0.00027,1.645,1.39987,1.91167,1.21996
101,5,B,2.568,65.751,38,5.0,405.51971,13.25,17.46,236.91667,0.00061,0.00037,1.645,1.39987,2.03999,1.39002
101,10,B,15.807,54.669,38,5.0,346.14609,13.25,17.46,236.91667,0.00373,0.00226,1.645,1.39987,2.71052,2.21546
102,1,B,12.922,51.708,46,8.0,365.61946,11.37,13.89,151.89474,0.00305,0.00147,1.645,1.39987,2.83931,2.27994
102,5,B,1.266,35.763,46,8.0,242.76782,11.37,13.89,151.89474,0.0003,0.00014,1.645,1.39987,1.99405,1.19832
103,2,B,1.163,40.18,37,5.0,244.47457,11.03,14.98,347.2375,0.00027,0.00014,1.645,1.39987,1.59193,0.8416
103,8,B,16.778,66.436,37,5.0,412.72992,11.03,14.98,347.2375,0.00396,0.00206,1.645,1.39987,2.66399,2.09908
103,10,B,1.416,47.218,37,5.0,287.30313,11.03,14.98,347.2375,0.00033,0.00017,1.645,1.39987,1.68755,0.8416
104,2,C,2.907,43.644,35,6.0,258.78984,8.12,10.2,214.75758,0.00069,0.00024,1.645,1.03657,2.3209,1.48252
104,5,C,1.442,74.624,35,6.0,441.56631,8.12,10.2,214.75758,0.00034,0.00012,1.645,1.03657,2.04446,1.08346
104,10,C,1.019,54.475,35,6.0,322.33644,8.12,10.2,214.75758,0.00024,9e-05,1.645,1.03657,1.89653,0.85192
105,1,C,2.077,78.721,17,3.0,324.6348,6.43,7.78,203.96104,0.00049,0.00013,1.645,1.03657,2.30157,1.30846
105,3,C,1.92,97.835,17,3.0,403.42516,6.43,7.78,203.96104,0.00045,0.00012,1.645,1.03657,2.27168,1.26377
105,4,C,3.044,91.363,17,3.0,376.80997,6.43,7.78,203.96104,0.00072,0.00019,1.645,1.03657,2.44279,1.51358
105,5,C,1.666,29.486,17,3.0,121.67658,6.43,7.78,203.96104,0.00039,0.00011,1.645,1.03657,2.21692,1.18058
105,7,C,0.926,36.239,17,3.0,149.44305,6.43,7.78,203.96104,0.00022,6e-05,1.645,1.03657,1.97818,0.8416
105,9,C,1.469,37.981,17,3.0,156.66167,6.43,7.78,203.96104,0.00035,9e-05,1.645,1.03657,2.16746,1.10386
105,10,C,1.895,40.121,17,3.0,165.52078,6.43,7.78,203.96104,0.00045,0.00012,1.645,1.03657,2.26666,1.25622
106,1,C,3.463,150.536,18,3.0,638.75465,6.28,8.51,183.10465,0.00082,0.00024,1.645,1.03657,2.53538,1.68654
106,3,C,1.938,61.922,18,3.0,262.77712,6.28,8.51,183.10465,0.00046,0.00014,1.645,1.03657,2.32501,1.39226
106,4,C,3.478,60.667,18,3.0,257.59968,6.28,8.51,183.10465,0.00082,0.00024,1.645,1.03657,2.5369,1.6886
106,5,C,2.687,139.34,18,3.0,591.22451,6.28,8.51,183.10465,0.00063,0.00019,1.645,1.03657,2.44522,1.56249
106,7,C,2.16,66.269,18,3.0,281.23022,6.28,8.51,183.10465,0.00051,0.00015,1.645,1.03657,2.36545,1.4502
106,9,C,2.971,50.848,18,3.0,215.91384,6.28,8.51,183.10465,0.0007,0.00021,1.645,1.03657,2.48124,1.6124
106,10,C,1.936,26.197,18,3.0,111.29611,6.28,8.51,183.10465,0.00046,0.00013,1.645,1.03657,2.32463,1.3917
107,1,B,19.111,75.768,31,5.0,432.54508,10.63,13.02,435.80282,0.00451,0.00204,1.645,1.39987,2.64373,2.01648
107,6,B,16.028,54.392,31,5.0,313.26602,10.63,13.02,435.80282,0.00378,0.00171,1.645,1.39987,2.58361,1.94176
108,6,B,2.63,44.222,36,6.0,265.80083,9.69,15.39,420.75294,0.00062,0.00033,1.645,1.39987,1.9395,1.18326
108,7,B,23.698,65.218,36,6.0,416.34046,9.69,15.39,420.75294,0.00559,0.00299,1.645,1.39987,2.75777,2.2222
109,1,B,14.062,75.915,18,3.0,324.83108,2.16,2.7,1239.5625,0.00332,0.00031,1.645,1.39987,2.72445,1.3861
109,3,B,10.303,85.677,18,3.0,364.80849,2.16,2.7,1239.5625,0.00243,0.00023,1.645,1.39987,2.62009,1.21027
109,4,B,20.663,68.627,18,3.0,297.68542,2.16,2.7,1239.5625,0.00487,0.00046,1.645,1.39987,2.84918,1.58584
109,5,B,13.683,64.086,18,3.0,274.97509,2.16,2.7,1239.5625,0.00323,0.0003,1.645,1.39987,2.71542,1.37122
109,7,B,13.353,50.298,18,3.0,217.12375,2.16,2.7,1239.5625,0.00315,0.0003,1.645,1.39987,2.70732,1.35784
109,9,B,7.901,49.608,18,3.0,211.79943,2.16,2.7,1239.5625,0.00186,0.00017,1.645,1.39987,2.52825,1.04735
109,10,B,13.897,45.455,18,3.0,197.30425,2.16,2.7,1239.5625,0.00328,0.00031,1.645,1.39987,2.72055,1.37969
110,2,A,18.972,67.842,31,5.0,389.4574,76.86,116.46,212.23656,0.00447,0.0181,1.645,1.80877,2.18233,2.37922
110,6,A,0.069,0.0,31,5.0,0.345,76.86,116.46,212.23656,2e-05,7e-05,1.645,1.80877,0.8416,0.8416
111,1,C,13.664,64.383,45,8.0,445.51296,7.72,10.19,182.41333,0.00322,0.00114,1.645,1.03657,2.92125,2.26088
111,6,C,1.602,27.527,45,8.0,185.10094,7.72,10.19,182.41333,0.00038,0.00013,1.645,1.03657,2.17359,1.27385
112,1,B,3.66,39.229,31,5.0,219.18311,49.17,73.11,102.72881,0.00086,0.00219,1.645,1.39987,1.98914,2.01068
112,4,B,1.098,55.271,31,5.0,307.78487,49.17,73.11,102.72881,0.00026,0.00066,1.645,1.39987,1.41997,1.44711
112,7,B,0.566,23.306,31,5.0,129.79317,49.17,73.11,102.72881,0.00013,0.00034,1.645,1.39987,1.03239,1.06506
113,2,A,8.36,47.134,10,1.5,149.57738,284.53,314.7,250.0,0.00197,0.02156,1.645,1.80877,1.0629,1.85543
113,8,A,3.429,36.208,10,1.5,114.61522,284.53,314.7,250.0,0.00081,0.00884,1.645,1.80877,0.8416,1.42243
114,2,A,9.834,76.032,38,6.0,472.39215,153.22,162.82,100.46914,0.00232,0.01312,1.645,1.80877,1.93531,2.28026
115,1,A,7.372,78.026,11,1.5,259.01912,16.65,20.98,552.88462,0.00174,0.00127,1.645,1.80877,2.03114,1.47629
115,3,A,4.861,57.241,11,1.5,189.98689,16.65,20.98,552.88462,0.00115,0.00084,1.645,1.80877,1.85176,1.24777
115,4,A,11.592,83.939,11,1.5,278.93665,16.65,20.98,552.88462,0.00273,0.00199,1.645,1.80877,2.2135,1.70097
115,5,A,5.568,46.842,11,1.5,155.58168,16.65,20.98,552.88462,0.00131,0.00096,1.645,1.80877,1.91161,1.32497
115,7,A,4.854,60.337,11,1.5,200.2476,16.65,20.98,552.88462,0.00114,0.00083,1.645,1.80877,1.85111,1.24694
115,9,A,6.124,65.612,11,1.5,217.80418,16.65,20.98,552.88462,0.00144,0.00105,1.645,1.80877,1.95275,1.37747
115,10,A,7.425,43.221,11,1.5,143.77986,16.65,20.98,552.88462,0.00175,0.00128,1.645,1.80877,2.03412,1.48002
116,2,B,14.581,50.441,31,5.0,290.15215,6.75,8.88,347.58333,0.00344,0.00106,1.645,1.39987,2.77957,2.0278
116,7,B,7.671,54.644,31,5.0,306.65302,6.75,8.88,347.58333,0.00181,0.00056,1.645,1.39987,2.56404,1.74527
117,4,B,23.03,55.574,30,5.0,325.44371,13.95,23.28,484.3,0.00543,0.00439,1.645,1.39987,2.57848,2.17525
117,6,B,2.58,41.192,30,5.0,225.98636,13.95,23.28,484.3,0.00061,0.00049,1.645,1.39987,1.70293,1.11623
117,7,B,2.481,33.454,30,5.0,183.65453,13.95,23.28,484.3,0.00059,0.00047,1.645,1.39987,1.68434,1.09191
118,1,B,15.409,75.592,17,3.0,315.08331,2.23,3.33,1337.73077,0.00363,0.00042,1.645,1.39987,2.71895,1.48851
118,3,B,13.036,60.585,17,3.0,252.84116,2.23,3.33,1337.73077,0.00307,0.00036,1.645,1.39987,2.66316,1.40009
118,4,B,28.067,77.32,17,3.0,329.73066,2.23,3.33,1337.73077,0.00662,0.00077,1.645,1.39987,2.91164,1.78044
118,5,B,16.363,59.532,17,3.0,250.31727,2.23,3.33,1337.73077,0.00386,0.00045,1.645,1.39987,2.73876,1.51944
118,7,B,17.222,74.759,17,3.0,312.5393,2.23,3.33,1337.73077,0.00406,0.00047,1.645,1.39987,2.75554,1.54546
118,9,B,16.193,61.816,17,3.0,259.46218,2.23,3.33,1337.73077,0.00382,0.00044,1.645,1.39987,2.73533,1.51409
118,10,B,18.177,58.66,17,3.0,247.93256,2.23,3.33,1337.73077,0.00429,0.0005,1.645,1.39987,2.77315,1.57259
119,2,C,43.418,74.725,41,7.0,566.84025,2.42,2.85,478.96203,0.01024,0.00101,1.645,1.03657,3.0902,2.29017
120,1,C,0.196,22.677,34,6.0,132.23373,7.95,10.3,217.68235,5e-05,2e-05,1.645,1.03657,1.03927,0.8416
120,2,C,5.034,46.5,34,6.0,272.81639,7.95,10.3,217.68235,0.00119,0.00042,1.645,1.03657,2.5232,1.75986
120,6,C,0.575,13.664,34,6.0,79.74879,7.95,10.3,217.68235,0.00014,5e-05,1.645,1.03657,1.63614,0.8416
121,4,A,2.14,54.903,40,7.0,347.56003,47.57,74.9,318.69333,0.0005,0.00131,1.645,1.80877,1.17588,1.22054
121,8,A,15.173,80.118,40,7.0,517.72245,47.57,74.9,318.69333,0.00358,0.00931,1.645,1.80877,2.12246,2.15263
121,10,A,1.608,42.53,40,7.0,269.21875,47.57,74.9,318.69333,0.00038,0.00099,1.645,1.80877,0.99667,1.0455
122,2,A,65.569,81.687,39,5.0,606.39939,11.69,15.01,869.37681,0.01546,0.00806,1.645,1.80877,2.7917,2.25289
122,6,A,6.928,57.163,39,5.0,358.65954,11.69,15.01,869.37681,0.00163,0.00085,1.645,1.80877,1.9632,1.20124
123,1,A,2.038,43.241,41,7.0,277.24478,142.53,165.28,500.0,0.00048,0.00276,1.645,1.80877,0.8416,0.8416
123,10,A,13.003,105.801,41,7.0,683.54425,142.53,165.28,500.0,0.00307,0.01761,1.645,1.80877,1.32432,1.76287
124,5,A,47.894,90.289,36,6.0,613.23225,19.22,27.77,709.22667,0.0113,0.0109,1.645,1.80877,2.58892,2.25578
124,7,A,10.768,46.773,36,6.0,287.97896,19.22,27.77,709.22667,0.00254,0.00245,1.645,1.80877,2.02544,1.61126
124,10,A,4.032,35.196,36,6.0,212.55718,19.22,27.77,709.22667,0.00095,0.00092,1.645,1.80877,1.57888,1.06675
125,4,B,3.663,63.786,11,1.5,211.62557,30.8,41.98,500.0,0.00086,0.00126,1.645,1.39987,1.46758,1.18672
125,5,B,6.462,44.492,11,1.5,147.88128,30.8,41.98,500.0,0.00152,0.00222,1.645,1.39987,1.74712,1.50082
125,8,B,2.542,25.953,11,1.5,86.16078,30.8,41.98,500.0,0.0006,0.00087,1.645,1.39987,1.26762,0.9559
126,1,C,1.845,64.073,17,3.0,264.23772,3.29,4.69,191.19481,0.00044,7e-05,1.645,1.03657,2.52612,1.36955
126,3,C,3.289,69.79,17,3.0,287.92066,3.29,4.69,191.19481,0.00078,0.00013,1.645,1.03657,2.72298,1.66543
126,4,C,4.193,65.148,17,3.0,268.90646,3.29,4.69,191.19481,0.00099,0.00016,1.645,1.03657,2.80225,1.77945
126,5,C,1.652,34.725,17,3.0,143.26059,3.29,4.69,191.19481,0.00039,6e-05,1.645,1.03657,2.48706,1.30827
126,7,C,2.617,51.729,17,3.0,213.42858,3.29,4.69,191.19481,0.00062,0.0001,1.645,1.03657,2.64659,1.55296
126,9,C,1.773,91.149,17,3.0,375.85459,3.29,4.69,191.19481,0.00042,7e-05,1.645,1.03657,2.5121,1.34767
126,10,C,2.647,51.674,17,3.0,213.2053,3.29,4.69,191.19481,0.00062,0.0001,1.645,1.03657,2.65044,1.5587
127,1,B,3.936,111.971,16,3.0,448.03963,11.6,15.42,500.0,0.00093,0.0005,1.645,1.39987,1.96127,1.21448
127,3,B,2.569,37.275,16,3.0,149.29906,11.6,15.42,500.0,0.00061,0.00032,1.645,1.39987,1.77214,0.94618
127,4,B,5.631,36.929,16,3.0,148.67882,11.6,15.42,500.0,0.00133,0.00071,1.645,1.39987,2.11018,1.41534
127,5,B,3.662,31.978,16,3.0,128.38291,11.6,15.42,500.0,0.00086,0.00046,1.645,1.39987,1.93024,1.17158
127,7,B,5.34,51.351,16,3.0,206.02777,11.6,15.42,500.0,0.00126,0.00067,1.645,1.39987,2.08863,1.38674
127,9,B,2.84,87.292,16,3.0,349.27193,11.6,15.42,500.0,0.00067,0.00036,1.645,1.39987,1.81787,1.01265
127,10,B,3.219,35.055,16,3.0,140.55215,11.6,15.42,500.0,0.00076,0.00041,1.645,1.39987,1.87386,1.09257
128,2,B,13.44,56.002,33,6.0,331.65977,7.18,8.64,429.18182,0.00317,0.00095,1.645,1.39987,2.66251,1.86373
128,4,B,8.973,61.221,33,6.0,355.78489,7.18,8.64,429.18182,0.00212,0.00064,1.645,1.39987,2.52357,1.67771
128,6,B,5.864,64.739,33,6.0,373.55786,7.18,8.64,429.18182,0.00138,0.00042,1.645,1.39987,2.37025,1.46498
129,1,C,5.567,74.9,19,3.0,326.90842,1.22,1.66,935.4507,0.00131,8e-05,1.645,1.03657,2.69996,1.05768
129,3,C,12.136,63.25,19,3.0,278.09392,1.22,1.66,935.4507,0.00286,0.00017,1.645,1.03657,2.94968,1.50191
129,4,C,15.183,76.623,19,3.0,337.08354,1.22,1.66,935.4507,0.00358,0.00021,1.645,1.03657,3.01822,1.61456
129,5,C,11.753,67.215,19,3.0,295.09738,1.22,1.66,935.4507,0.00277,0.00016,1.645,1.03657,2.93975,1.48532
129,7,C,3.866,63.126,19,3.0,275.40417,1.22,1.66,935.4507,0.00091,5e-05,1.645,1.03657,2.57632,0.8416
129,9,C,15.705,51.538,19,3.0,229.53642,1.22,1.66,935.4507,0.0037,0.00021,1.645,1.03657,3.02844,1.6311
129,10,C,10.936,43.013,19,3.0,190.33815,1.22,1.66,935.4507,0.00258,0.00015,1.645,1.03657,2.91736,1.4476
130,1,C,1.167,51.443,16,3.0,205.80178,6.7,8.64,253.59722,0.00028,8e-05,1.645,1.03657,1.96641,0.8488
130,3,C,0.931,75.624,16,3.0,302.50889,6.7,8.64,253.59722,0.00022,7e-05,1.645,1.03657,1.86819,0.8416
130,4,C,1.691,45.179,16,3.0,180.78719,6.7,8.64,253.59722,0.0004,0.00012,1.645,1.03657,2.1202,1.09553
130,5,C,1.356,41.624,16,3.0,166.54569,6.7,8.64,253.59722,0.00032,0.0001,1.645,1.03657,2.0297,0.95259
130,7,C,1.649,57.972,16,3.0,231.94076,6.7,8.64,253.59722,0.00039,0.00012,1.645,1.03657,2.11004,1.07977
130,9,C,0.837,32.473,16,3.0,129.91627,6.7,8.64,253.59722,0.0002,6e-05,1.645,1.03657,1.82059,0.8416
130,10,C,1.324,37.567,16,3.0,150.32049,6.7,8.64,253.59722,0.00031,9e-05,1.645,1.03657,2.01973,0.93646
131,5,A,3.003,72.711,28,4.0,384.93791,35.46,63.44,252.88462,0.00071,0.00156,1.645,1.80877,1.63997,1.59546
131,10,A,21.054,65.008,28,4.0,354.14892,35.46,63.44,252.88462,0.00497,0.01094,1.645,1.80877,2.44693,2.41404
132,1,C,7.474,70.749,35,6.0,420.95216,4.24,5.52,328.79012,0.00176,0.00034,1.645,1.03657,2.73124,1.75415
132,4,C,1.348,95.169,35,6.0,563.08549,4.24,5.52,328.79012,0.00032,6e-05,1.645,1.03657,2.10855,0.8416
132,6,C,2.163,49.558,35,6.0,293.47618,4.24,5.52,328.79012,0.00051,0.0001,1.645,1.03657,2.2938,1.09305
133,1,B,6.045,67.062,10,1.5,212.26243,6.65,8.88,590.0,0.00143,0.00044,1.645,1.39987,2.29113,1.36658
133,3,B,6.675,50.778,10,1.5,160.88599,6.65,8.88,590.0,0.00157,0.00049,1.645,1.39987,2.32854,1.42021
133,4,B,10.637,56.427,10,1.5,179.14977,6.65,8.88,590.0,0.00251,0.00077,1.645,1.39987,2.49835,1.65655
133,5,B,7.177,68.281,10,1.5,216.19169,6.65,8.88,590.0,0.00169,0.00052,1.645,1.39987,2.3556,1.45863
133,7,B,6.597,94.846,10,1.5,300.09258,6.65,8.88,590.0,0.00156,0.00048,1.645,1.39987,2.32413,1.41392
133,9,B,6.757,57.528,10,1.5,182.20164,6.65,8.88,590.0,0.00159,0.00049,1.645,1.39987,2.33311,1.42673
133,10,B,10.075,72.179,10,1.5,228.74979,6.65,8.88,590.0,0.00238,0.00073,1.645,1.39987,2.47905,1.63022
134,4,B,10.382,51.735,26,4.0,267.04651,14.06,16.7,334.97143,0.00245,0.00142,1.645,1.39987,2.42412,1.85334
134,5,B,17.751,74.208,26,4.0,384.99231,14.06,16.7,334.97143,0.00419,0.00243,1.645,1.39987,2.613,2.08209
135,1,C,0.574,44.461,9,1.5,133.38578,1.14,1.47,500.0,0.00014,1e-05,1.645,1.03657,2.12494,0.8416
135,3,C,0.649,54.75,9,1.5,164.25288,1.14,1.47,500.0,0.00015,1e-05,1.645,1.03657,2.17394,0.8416
135,4,C,1.29,93.052,9,1.5,279.16271,1.14,1.47,500.0,0.0003,2e-05,1.645,1.03657,2.43366,0.8416
135,5,C,0.988,27.344,9,1.5,82.04539,1.14,1.47,500.0,0.00023,1e-05,1.645,1.03657,2.33553,0.8416
135,7,C,0.516,38.158,9,1.5,114.47662,1.14,1.47,500.0,0.00012,1e-05,1.645,1.03657,2.08173,0.8416
135,9,C,0.615,44.055,9,1.5,132.16822,1.14,1.47,500.0,0.00015,1e-05,1.645,1.03657,2.15257,0.8416
135,10,C,0.541,31.697,9,1.5,95.09446,1.14,1.47,500.0,0.00013,1e-05,1.645,1.03657,2.101,0.8416
136,1,B,10.512,109.313,32,5.0,620.59744,6.92,8.68,326.46988,0.00248,0.00075,1.645,1.39987,2.68422,1.89432
136,4,B,13.776,77.628,32,5.0,444.49956,6.92,8.68,326.46988,0.00325,0.00098,1.645,1.39987,2.7734,2.01032
136,8,B,7.341,62.071,32,5.0,353.03987,6.92,8.68,326.46988,0.00173,0.00052,1.645,1.39987,2.56189,1.73176
137,1,C,3.625,47.359,11,1.5,157.16612,1.53,1.96,432.77632,0.00085,6e-05,1.645,1.03657,2.73813,1.22919
137,3,C,4.98,79.641,11,1.5,264.24492,1.53,1.96,432.77632,0.00117,8e-05,1.645,1.03657,2.84096,1.40705
137,4,C,9.657,63.506,11,1.5,211.1231,1.53,1.96,432.77632,0.00228,0.00016,1.645,1.03657,3.04595,1.73802
137,5,C,4.614,36.608,11,1.5,121.6121,1.53,1.96,432.77632,0.00109,7e-05,1.645,1.03657,2.81653,1.36562
137,7,C,4.059,72.978,11,1.5,242.11721,1.53,1.96,432.77632,0.00096,7e-05,1.645,1.03657,2.77511,1.29424
137,9,C,5.646,59.604,11,1.5,197.86543,1.53,1.96,432.77632,0.00133,9e-05,1.645,1.03657,2.88076,1.47353
137,10,C,5.426,60.757,11,1.5,201.67247,1.53,1.96,432.77632,0.00128,9e-05,1.645,1.03657,2.86821,1.45269
138,1,C,1.004,41.537,11,1.5,137.77088,2.01,2.68,133.0814,0.00024,2e-05,1.645,1.03657,2.61158,1.1911
138,3,C,2.017,57.458,11,1.5,190.59064,2.01,2.68,133.0814,0.00048,4e-05,1.645,1.03657,2.84178,1.57056
138,4,C,1.833,47.354,11,1.5,157.07952,2.01,2.68,133.0814,0.00043,4e-05,1.645,1.03657,2.81115,1.5222
138,5,C,1.244,28.625,11,1.5,94.95672,2.01,2.68,133.0814,0.00029,3e-05,1.645,1.03657,2.68404,1.3149
138,7,C,1.112,33.085,11,1.5,109.74321,2.01,2.68,133.0814,0.00026,2e-05,1.645,1.03657,2.64632,1.25103
138,9,C,0.975,33.412,11,1.5,110.82472,2.01,2.68,133.0814,0.00023,2e-05,1.645,1.03657,2.60154,1.17359
138,10,C,1.349,33.904,11,1.5,112.46505,2.01,2.68,133.0814,0.00032,3e-05,1.645,1.03657,2.71102,1.35988
139,1,B,51.773,95.942,33,6.0,632.65835,5.37,6.72,1077.22222,0.01221,0.00285,1.645,1.39987,2.89599,2.06343
139,6,B,3.497,72.125,33,6.0,414.85752,5.37,6.72,1077.22222,0.00082,0.00019,1.645,1.39987,1.91137,0.8416
139,8,B,35.902,92.279,33,6.0,572.19838,5.37,6.72,1077.22222,0.00847,0.00198,1.645,1.39987,2.77913,1.90837
140,5,B,3.285,36.87,17,3.0,152.33801,24.79,35.35,500.0,0.00077,0.00095,1.645,1.39987,1.52348,1.14834
140,7,B,12.148,60.968,17,3.0,254.00554,24.79,35.35,500.0,0.00286,0.00352,1.645,1.39987,2.114,1.82615
140,10,B,2.798,44.248,17,3.0,182.63218,24.79,35.35,500.0,0.00066,0.00081,1.645,1.39987,1.44005,1.04834
141,1,C,1.305,59.575,14,3.0,222.94362,9.54,11.72,138.14943,0.00031,0.00013,1.645,1.03657,2.11814,1.27448
141,3,C,1.441,38.642,14,3.0,144.64974,9.54,11.72,138.14943,0.00034,0.00014,1.645,1.03657,2.15786,1.33041
141,4,C,3.236,92.407,14,3.0,345.8916,9.54,11.72,138.14943,0.00076,0.00031,1.645,1.03657,2.46302,1.74113
141,5,C,2.248,58.438,14,3.0,218.75895,9.54,11.72,138.14943,0.00053,0.00022,1.645,1.03657,2.32951,1.56514
141,7,C,1.6,65.5,14,3.0,245.12556,9.54,11.72,138.14943,0.00038,0.00015,1.645,1.03657,2.19919,1.38793
141,9,C,2.511,78.467,14,3.0,293.69325,9.54,11.72,138.14943,0.00059,0.00024,1.645,1.03657,2.37069,1.61997
141,10,C,1.737,45.301,14,3.0,169.5809,9.54,11.72,138.14943,0.00041,0.00017,1.645,1.03657,2.23122,1.43204
142,1,C,0.791,47.726,17,3.0,196.79365,8.51,10.65,250.0,0.00019,7e-05,1.645,1.03657,1.69023,0.8416
142,3,C,0.576,30.757,17,3.0,126.82613,8.51,10.65,250.0,0.00014,5e-05,1.645,1.03657,1.53435,0.8416
142,4,C,0.938,41.286,17,3.0,170.2498,8.51,10.65,250.0,0.00022,8e-05,1.645,1.03657,1.77001,0.8416
142,5,C,1.137,37.733,17,3.0,155.61453,8.51,10.65,250.0,0.00027,0.0001,1.645,1.03657,1.8571,0.8416
142,7,C,1.071,74.486,17,3.0,307.13045,8.51,10.65,250.0,0.00025,9e-05,1.645,1.03657,1.83036,0.8416
142,9,C,0.832,40.084,17,3.0,165.28941,8.51,10.65,250.0,0.0002,7e-05,1.645,1.03657,1.71416,0.8416
142,10,C,1.402,66.801,17,3.0,275.45969,8.51,10.65,250.0,0.00033,0.00012,1.645,1.03657,1.94869,0.96443
143,1,A,5.314,58.829,13,1.5,212.2607,17.85,22.61,474.96296,0.00125,0.00098,1.645,1.80877,1.92708,1.38577
143,3,A,5.578,56.18,13,1.5,202.7326,17.85,22.61,474.96296,0.00132,0.00103,1.645,1.80877,1.948,1.41194
143,4,A,8.727,57.431,13,1.5,207.48378,17.85,22.61,474.96296,0.00206,0.00162,1.645,1.80877,2.13376,1.64018
143,5,A,5.072,47.393,13,1.5,171.04717,17.85,22.61,474.96296,0.0012,0.00094,1.645,1.80877,1.90682,1.36032
143,7,A,7.056,80.899,13,1.5,291.87745,17.85,22.61,474.96296,0.00166,0.00131,1.645,1.80877,2.04713,1.53461
143,9,A,6.11,60.008,13,1.5,216.55595,17.85,22.61,474.96296,0.00144,0.00113,1.645,1.80877,1.98686,1.46028
143,10,A,6.229,51.325,13,1.5,185.29065,17.85,22.61,474.96296,0.00147,0.00115,1.645,1.80877,1.99501,1.47038
144,1,C,2.818,54.621,17,3.0,225.36677,3.33,4.4,229.2375,0.00066,0.0001,1.645,1.03657,2.6059,1.45861
144,3,C,2.55,47.561,17,3.0,196.24819,3.33,4.4,229.2375,0.0006,9e-05,1.645,1.03657,2.57148,1.40548
144,4,C,4.675,65.409,17,3.0,270.05265,3.33,4.4,229.2375,0.0011,0.00017,1.645,1.03657,2.7748,1.71032
144,5,C,3.506,46.495,17,3.0,191.99212,3.33,4.4,229.2375,0.00083,0.00013,1.645,1.03657,2.67986,1.57057
144,7,C,2.462,39.902,17,3.0,164.68587,3.33,4.4,229.2375,0.00058,9e-05,1.645,1.03657,2.5593,1.38651
144,9,C,2.579,45.742,17,3.0,188.75773,3.33,4.4,229.2375,0.00061,9e-05,1.645,1.03657,2.57539,1.41156
144,10,C,3.406,32.723,17,3.0,135.30675,3.33,4.4,229.2375,0.0008,0.00012,1.645,1.03657,2.67016,1.55605
145,2,A,18.482,71.478,10,1.5,227.72705,11.23,13.82,1724.82895,0.00436,0.00209,1.645,1.80877,2.10315,1.3463
145,8,A,106.968,128.339,10,1.5,436.41017,11.23,13.82,1724.82895,0.02523,0.01211,1.645,1.80877,2.74099,2.15977
145,10,A,31.248,87.71,10,1.5,281.29597,11.23,13.82,1724.82895,0.00737,0.00354,1.645,1.80877,2.30855,1.61921
146,1,C,1.172,71.269,14,1.5,266.66998,5.63,8.09,374.53968,0.00028,8e-05,1.645,1.03657,1.8745,0.8416
146,3,C,1.46,39.926,14,1.5,149.40546,5.63,8.09,374.53968,0.00034,0.0001,1.645,1.03657,1.96984,0.8416
146,4,C,2.646,60.922,14,1.5,227.9838,5.63,8.09,374.53968,0.00062,0.00018,1.645,1.03657,2.21213,1.19655
146,5,C,1.401,28.444,14,1.5,106.44845,5.63,8.09,374.53968,0.00033,9e-05,1.645,1.03657,1.9522,0.8416
146,7,C,1.81,70.149,14,1.5,262.48757,5.63,8.09,374.53968,0.00043,0.00012,1.645,1.03657,2.05989,0.95733
146,9,C,1.367,43.237,14,1.5,161.79103,5.63,8.09,374.53968,0.00032,9e-05,1.645,1.03657,1.94164,0.8416
146,10,C,1.948,44.641,14,1.5,167.05688,5.63,8.09,374.53968,0.00046,0.00013,1.645,1.03657,2.09001,1.00598
147,1,B,2.326,38.54,45,8.0,259.20297,20.3,28.62,388.55422,0.00055,0.00055,1.645,1.39987,1.57737,1.08385
147,4,B,0.745,34.069,45,8.0,228.6195,20.3,28.62,388.55422,0.00018,0.00017,1.645,1.39987,0.9189,0.8416
147,7,B,8.121,53.234,45,8.0,362.96623,20.3,28.62,388.55422,0.00192,0.0019,1.645,1.39987,2.13385,1.75215
148,2,C,2.679,46.852,11,1.5,155.44246,7.5,9.62,154.71212,0.00063,0.00021,1.645,1.03657,2.44088,1.61736
148,4,C,3.683,91.332,11,1.5,302.96435,7.5,9.62,154.71212,0.00087,0.00029,1.645,1.03657,2.55373,1.76861
148,6,C,5.953,50.376,11,1.5,167.31674,7.5,9.62,154.71212,0.0014,0.00047,1.645,1.03657,2.7167,1.98081
149,1,C,0.42,33.512,17,3.0,138.17926,18.56,23.62,250.0,0.0001,8e-05,1.645,1.03657,0.88954,0.8416
149,3,C,0.111,14.533,17,3.0,59.92202,18.56,23.62,250.0,3e-05,2e-05,1.645,1.03657,0.8416,0.8416
149,4,C,0.151,24.194,17,3.0,99.75545,18.56,23.62,250.0,4e-05,3e-05,1.645,1.03657,0.8416,0.8416
149,5,C,0.008,0.0,17,3.0,0.024,18.56,23.62,250.0,0.0,0.0,1.645,1.03657,0.8416,0.8416
149,7,C,0.443,75.58,17,3.0,311.62716,18.56,23.62,250.0,0.0001,9e-05,1.645,1.03657,0.92626,0.8416
149,9,C,0.509,62.56,17,3.0,257.94601,18.56,23.62,250.0,0.00012,0.0001,1.645,1.03657,1.01865,0.8416
149,10,C,0.139,25.466,17,3.0,104.99984,18.56,23.62,250.0,3e-05,3e-05,1.645,1.03657,0.8416,0.8416
150,1,B,8.468,68.984,12,1.5,239.30493,3.01,3.51,594.80769,0.002,0.00024,1.645,1.39987,2.68968,1.47005
150,3,B,5.417,55.979,12,1.5,194.08711,3.01,3.51,594.80769,0.00128,0.00016,1.645,1.39987,2.53701,1.22315
150,4,B,11.61,66.969,12,1.5,232.64016,3.01,3.51,594.80769,0.00274,0.00033,1.645,1.39987,2.79335,1.62934
150,5,B,6.981,51.64,12,1.5,179.19243,3.01,3.51,594.80769,0.00165,0.0002,1.645,1.39987,2.62458,1.36676
150,7,B,7.747,51.358,12,1.5,178.28843,3.01,3.51,594.80769,0.00183,0.00022,1.645,1.39987,2.65984,1.42305
150,9,B,7.794,56.414,12,1.5,195.77322,3.01,3.51,594.80769,0.00184,0.00022,1.645,1.39987,2.66188,1.42627
150,10,B,9.198,45.616,12,1.5,158.61964,3.01,3.51,594.80769,0.00217,0.00026,1.645,1.39987,2.71716,1.51286
